{"stats":{"minecraft:broken":{"minecraft:iron_shovel":3,"minecraft:iron_boots":1,"minecraft:iron_chestplate":1,"minecraft:golden_shovel":1,"minecraft:iron_leggings":1,"minecraft:stone_shovel":2,"thehammermod:excavator_iron":1,"thehammermod:hammer_iron":1,"minecraft:shield":1,"thehammermod:hammer_diamond":1,"minecraft:iron_helmet":1},"minecraft:used":{"minecraft:iron_shovel":654,"minecraft:oak_sign":9,"minecraft:chest":14,"minecraft:shield":22,"minecraft:rotten_flesh":8,"minecraft:iron_chestplate":1,"minecraft:carrot":6,"minecraft:tuff":47,"travelersbackpack:emerald":3,"minecraft:glass":150,"minecraft:lava_bucket":1,"minecraft:iron_helmet":1,"minecraft:stone_bricks":180,"minecraft:item_frame":1,"minecraft:bow":23,"minecraft:furnace":8,"minecraft:egg":1,"minecraft:dark_oak_sapling":2,"minecraft:diamond_boots":1,"minecraft:oak_planks":113,"minecraft:stone_pickaxe":45,"minecraft:wooden_pickaxe":14,"minecraft:diamond_axe":1745,"minecraft:cookie":1,"minecraft:sand":1,"minecraft:blast_furnace":2,"minecraft:crossbow":4,"minecraft:dripstone_block":4,"thehammermod:excavator_iron":1,"minecraft:bread":57,"tombstone:grave_key":2,"minecraft:gravel":40,"minecraft:nether_wart_block":3,"minecraft:smithing_table":2,"minecraft:bone_meal":231,"minecraft:experience_bottle":1,"minecraft:stone_shovel":662,"minecraft:stone_hoe":4,"minecraft:netherrack":477,"minecraft:torch":34,"minecraft:dirt":1852,"minecraft:anvil":1,"minecraft:hopper":13,"minecraft:spruce_stairs":22,"minecraft:diamond_helmet":1,"minecraft:yellow_carpet":1,"minecraft:golden_shovel":33,"minecraft:golden_chestplate":1,"minecraft:granite":3,"minecraft:iron_hoe":4,"minecraft:stone_brick_slab":232,"minecraft:chipped_anvil":1,"minecraft:iron_axe":225,"minecraft:iron_boots":1,"minecraft:barrel":2,"minecraft:crimson_planks":24,"minecraft:golden_carrot":47,"minecraft:podzol":6,"minecraft:netherite_pickaxe":13,"tombstone:gift":5,"wandering_bags:hammer_from_farlands":148,"minecraft:cooked_beef":14,"minecraft:cobbled_deepslate":49,"minecraft:iron_leggings":3,"minecraft:cooked_mutton":9,"minecraft:water_bucket":67,"minecraft:baked_potato":1,"minecraft:green_bed":2,"minecraft:fletching_table":7,"minecraft:stonecutter":5,"minecraft:cobblestone_slab":65,"minecraft:crafting_table":9,"minecraft:white_bed":14,"wandering_bags:whip_of_dominance":1,"minecraft:spruce_log":3,"minecraft:smoker":6,"mowziesmobs:wrought_axe":135,"minecraft:oak_log":18,"minecraft:diamond_pickaxe":3005,"minecraft:apple":14,"minecraft:iron_pickaxe":255,"minecraft:spruce_sapling":29,"minecraft:stone_axe":225,"minecraft:chiseled_stone_bricks":13,"minecraft:cobblestone":474,"minecraft:crimson_stairs":9,"minecraft:cooked_porkchop":5,"minecraft:porkchop":4,"minecraft:bucket":69,"thehammermod:excavator_diamond":1,"minecraft:yellow_bed":8,"minecraft:stripped_oak_log":1,"minecraft:diamond_leggings":2},"minecraft:killed":{"minecraft:spider":18,"minecraft:skeleton":48,"minecraft:piglin_brute":1,"artifacts:mimic":1,"minecraft:magma_cube":9,"minecraft:piglin":6,"minecraft:creeper":16,"minecraft:sheep":7,"minecraft:trader_llama":2,"minecraft:zombie":108,"minecraft:ghast":1,"minecraft:cow":8,"minecraft:blaze":20,"minecraft:slime":27,"minecraft:phantom":2,"minecraft:drowned":1,"minecraft:wandering_trader":1,"minecraft:hoglin":6,"minecraft:wither_skeleton":8,"minecraft:enderman":3},"minecraft:crafted":{"minecraft:smooth_stone":6,"minecraft:oak_planks":3388,"minecraft:barrel":2,"minecraft:oak_sign":9,"minecraft:polished_deepslate_wall":13,"minecraft:stone":292,"minecraft:cooked_mutton":9,"minecraft:glass":276,"minecraft:hopper":10,"minecraft:diamond_helmet":1,"minecraft:diamond_leggings":2,"minecraft:iron_boots":11,"tombstone:grave_key":1,"minecraft:chest":23,"minecraft:chiseled_stone_bricks":2,"minecraft:stone_hoe":1,"minecraft:oak_slab":6,"minecraft:arrow":64,"minecraft:emerald":365,"minecraft:cooked_porkchop":5,"minecraft:diamond_axe":1,"minecraft:crafting_table":5,"minecraft:spruce_planks":144,"minecraft:wooden_pickaxe":1,"minecraft:iron_helmet":1,"thehammermod:handle_iron":2,"minecraft:chainmail_chestplate":2,"thehammermod:hammer_diamond":1,"minecraft:fletching_table":3,"minecraft:birch_planks":424,"minecraft:iron_chestplate":2,"minecraft:diamond_pickaxe":4,"minecraft:shield":2,"minecraft:stick":6628,"minecraft:iron_ingot":163,"minecraft:iron_pickaxe":2,"minecraft:iron_block":9,"minecraft:gold_ingot":29,"minecraft:netherite_ingot":3,"minecraft:golden_carrot":51,"minecraft:stone_shovel":23,"minecraft:furnace":6,"minecraft:blast_furnace":2,"minecraft:bone_meal":258,"minecraft:spruce_stairs":24,"minecraft:polished_deepslate":31,"minecraft:iron_axe":1,"minecraft:iron_hoe":1,"minecraft:stone_pickaxe":1,"minecraft:diamond_boots":1,"thehammermod:handle_diamond":2,"minecraft:netherite_scrap":15,"minecraft:cooked_beef":13,"minecraft:crimson_planks":64,"minecraft:crossbow":1,"thehammermod:hammer_iron":1,"thehammermod:excavator_iron":1,"minecraft:stone_axe":25,"minecraft:air":0,"minecraft:crimson_stairs":12,"minecraft:gold_nugget":297,"minecraft:iron_shovel":2,"minecraft:iron_leggings":10,"minecraft:anvil":1,"minecraft:white_bed":1,"thehammermod:excavator_diamond":1,"minecraft:torch":32,"minecraft:diamond_chestplate":1},"minecraft:mined":{"create:deepslate_zinc_ore":5,"minecraft:white_bed":14,"minecraft:brewing_stand":1,"minecraft:granite":29,"minecraft:grass_block":1445,"minecraft:yellow_carpet":1,"minecraft:hopper":3,"minecraft:oxeye_daisy":1,"minecraft:spawner":3,"minecraft:magma_block":11,"minecraft:glowstone":13,"minecraft:iron_ore":22,"minecraft:fire":60,"minecraft:pumpkin":15,"minecraft:fletching_table":4,"minecraft:deepslate_lapis_ore":10,"minecraft:azure_bluet":5,"minecraft:pointed_dripstone":2,"minecraft:dirt_path":9,"create:limestone":6,"minecraft:green_bed":3,"minecraft:deepslate_redstone_ore":3,"minecraft:blackstone":66,"minecraft:smoker":6,"minecraft:crimson_nylium":1,"minecraft:torch":1,"minecraft:poppy":2,"minecraft:chest":1,"minecraft:nether_quartz_ore":8,"minecraft:glass":6,"minecraft:cobblestone":76,"minecraft:sugar_cane":2,"minecraft:oak_planks":11,"minecraft:crimson_stairs":1,"minecraft:nether_wart_block":59,"minecraft:birch_log":173,"minecraft:lilac":1,"minecraft:orange_tulip":2,"minecraft:grass":369,"minecraft:oak_log":994,"minecraft:dark_oak_sapling":2,"minecraft:sand":285,"minecraft:dirt":2302,"minecraft:stonecutter":5,"minecraft:ancient_debris":12,"minecraft:netherrack":1697,"travelersbackpack:emerald":2,"create:crimsite":28,"minecraft:oak_leaves":14,"minecraft:deepslate":411,"create:zinc_ore":5,"minecraft:nether_gold_ore":10,"minecraft:diamond_ore":1,"minecraft:crying_obsidian":1,"minecraft:tuff":103,"minecraft:deepslate_diamond_ore":41,"minecraft:nether_bricks":2,"minecraft:allium":1,"minecraft:redstone_wire":1,"minecraft:crimson_stem":14,"minecraft:redstone_ore":9,"minecraft:spruce_sapling":4,"minecraft:furnace":8,"minecraft:andesite":51,"minecraft:peony":2,"minecraft:nether_brick_fence":1,"minecraft:bookshelf":22,"minecraft:deepslate_iron_ore":133,"minecraft:shroomlight":1,"minecraft:cobblestone_slab":1,"minecraft:lantern":2,"minecraft:stripped_oak_log":1,"minecraft:stone":2695,"minecraft:podzol":1,"minecraft:smithing_table":3,"minecraft:redstone_block":1,"minecraft:comparator":1,"minecraft:soul_sand":17,"minecraft:basalt":106,"minecraft:stone_brick_slab":5,"minecraft:dandelion":5,"minecraft:crafting_table":4,"minecraft:emerald_ore":1,"minecraft:rose_bush":1,"minecraft:copper_ore":23,"minecraft:tall_grass":62,"minecraft:lapis_ore":1,"minecraft:deepslate_gold_ore":47,"minecraft:diorite":12,"minecraft:air":63,"minecraft:spruce_stairs":6,"minecraft:spruce_log":325,"minecraft:birch_leaves":1,"minecraft:bee_nest":1,"minecraft:yellow_bed":8,"minecraft:coal_ore":130,"minecraft:gravel":102,"minecraft:dripstone_block":5,"minecraft:lodestone":1,"minecraft:stone_bricks":61,"minecraft:chipped_anvil":1},"minecraft:picked_up":{"minecraft:redstone_block":1,"minecraft:nether_brick_fence":1,"artifacts:bunny_hoppers":1,"minecraft:smithing_table":3,"minecraft:lead":2,"minecraft:enchanted_book":1,"minecraft:nether_brick":4,"minecraft:brewing_stand":1,"minecraft:golden_sword":1,"travelersbackpack:emerald":3,"minecraft:string":22,"minecraft:raw_copper":95,"create:limestone":6,"minecraft:iron_leggings":1,"minecraft:experience_bottle":1,"minecraft:shroomlight":2,"minecraft:diamond_leggings":2,"minecraft:gold_nugget":93,"minecraft:cobbled_deepslate":411,"minecraft:comparator":1,"minecraft:white_tulip":2,"minecraft:rose_bush":2,"minecraft:cobblestone_slab":1,"minecraft:furnace":8,"minecraft:stick":318,"minecraft:torch":2,"minecraft:green_bed":3,"minecraft:spruce_stairs":6,"minecraft:porkchop":6,"minecraft:pointed_dripstone":12,"tombstone:grave_dust":18,"minecraft:diorite":12,"minecraft:golden_chestplate":2,"wandering_bags:piglin_bag":1,"minecraft:rotten_flesh":127,"minecraft:blaze_rod":11,"minecraft:cobblestone":2725,"minecraft:birch_log":171,"minecraft:magma_block":11,"minecraft:cooked_beef":1,"minecraft:lilac":2,"minecraft:magma_cream":2,"minecraft:andesite":51,"minecraft:golden_leggings":1,"minecraft:smoker":6,"minecraft:flint":15,"minecraft:tuff":103,"create:raw_zinc":10,"minecraft:wither_skeleton_skull":1,"minecraft:map":1,"minecraft:lapis_lazuli":73,"minecraft:dirt":2607,"minecraft:lantern":5,"minecraft:leather_boots":1,"minecraft:bone":64,"minecraft:chipped_anvil":1,"minecraft:stonecutter":5,"minecraft:bow":8,"minecraft:wheat_seeds":75,"minecraft:orange_tulip":2,"minecraft:raw_gold":46,"minecraft:diamond_helmet":2,"minecraft:fletching_table":4,"minecraft:glowstone_dust":46,"minecraft:oak_planks":57,"wandering_bags:chime_of_bewail":1,"minecraft:sand":277,"minecraft:grass_block":3,"minecraft:bundle":4,"create:crimsite":28,"minecraft:yellow_carpet":1,"minecraft:diamond":42,"minecraft:crossbow":1,"minecraft:granite":29,"wandering_bags:whip_of_dominance":1,"minecraft:emerald":22,"minecraft:bread":51,"minecraft:oak_sapling":388,"minecraft:netherrack":1540,"minecraft:crimson_roots":2,"minecraft:crafting_table":4,"minecraft:allium":1,"minecraft:azure_bluet":6,"minecraft:nether_wart":10,"minecraft:shield":1,"minecraft:cornflower":2,"minecraft:item_frame":1,"minecraft:iron_shovel":2,"minecraft:blackstone":70,"minecraft:beef":16,"minecraft:poppy":3,"minecraft:sugar_cane":3,"minecraft:chest":1,"minecraft:birch_sapling":45,"minecraft:phantom_membrane":1,"minecraft:egg":1,"minecraft:dark_oak_sapling":2,"minecraft:raw_iron":154,"minecraft:copper_ingot":1,"artifacts:vampiric_glove":1,"minecraft:cookie":1,"minecraft:carrot":154,"minecraft:redstone":53,"thehammermod:hammer_iron":1,"minecraft:arrow":98,"minecraft:peony":2,"minecraft:diamond_boots":2,"tombstone:essence_of_undeath":3,"minecraft:saddle":1,"minecraft:gold_ingot":3,"wandering_bags:wandering_bag":1,"minecraft:mutton":9,"minecraft:white_wool":6,"minecraft:stripped_oak_log":1,"minecraft:basalt":104,"minecraft:glow_ink_sac":10,"minecraft:crimson_stem":16,"minecraft:leather":14,"minecraft:oak_log":1021,"minecraft:ancient_debris":12,"minecraft:golden_boots":2,"minecraft:yellow_bed":8,"minecraft:nether_wart_block":36,"minecraft:gunpowder":13,"mowziesmobs:wrought_axe":1,"minecraft:apple":37,"minecraft:stone_bricks":58,"minecraft:iron_ingot":7,"minecraft:soul_sand":17,"minecraft:book":66,"minecraft:pumpkin":15,"minecraft:stone_brick_slab":8,"minecraft:quartz":4,"minecraft:dandelion":9,"minecraft:dripstone_block":29,"minecraft:gravel":76,"minecraft:crimson_stairs":1,"minecraft:spruce_sapling":57,"minecraft:white_bed":15,"minecraft:spruce_log":356,"minecraft:crying_obsidian":1,"minecraft:spider_eye":6,"minecraft:leather_helmet":1,"minecraft:firework_rocket":1,"minecraft:slime_ball":23,"minecraft:diamond_axe":1,"minecraft:lodestone":1,"minecraft:baked_potato":1,"tombstone:magic_scroll":3,"minecraft:coal":333,"minecraft:hopper":3,"minecraft:ender_pearl":1},"minecraft:killed_by":{"minecraft:piglin_brute":4,"minecraft:creeper":3,"minecraft:piglin":1,"minecraft:zombie":10,"minecraft:player":1,"mowziesmobs:ferrous_wroughtnaut":15,"minecraft:hoglin":1,"minecraft:skeleton":7},"minecraft:dropped":{"minecraft:soul_sand":17,"minecraft:porkchop":2,"minecraft:oak_log":3,"minecraft:glow_ink_sac":10,"minecraft:orange_tulip":2,"minecraft:leather_helmet":1,"minecraft:flint":9,"minecraft:dirt":20,"minecraft:yellow_dye":3,"minecraft:cornflower":2,"minecraft:crimson_roots":1,"minecraft:gold_nugget":1,"minecraft:birch_log":1,"minecraft:gold_ingot":3,"minecraft:bone":5,"minecraft:gravel":19,"minecraft:white_tulip":2,"minecraft:stone_axe":25,"minecraft:golden_chestplate":1,"minecraft:nether_brick":4,"minecraft:birch_sapling":45,"minecraft:pointed_dripstone":13,"minecraft:rotten_flesh":100,"minecraft:oak_planks":51,"minecraft:nether_brick_fence":1,"minecraft:azure_bluet":7,"minecraft:white_bed":1,"minecraft:chainmail_chestplate":2,"minecraft:poppy":917,"minecraft:gunpowder":5,"minecraft:leather_boots":1,"minecraft:arrow":9,"thehammermod:hammer_iron":1,"minecraft:stone_hoe":1,"wandering_bags:chime_of_bewail":1,"minecraft:wheat_seeds":44,"minecraft:lilac":2,"minecraft:dripstone_block":10,"minecraft:cobblestone":1,"minecraft:granite":11,"minecraft:copper_ingot":1,"minecraft:coal":3,"minecraft:diorite":12,"tombstone:grave_key":1,"minecraft:nether_wart_block":33,"minecraft:rose_bush":2,"tombstone:grave_dust":7,"minecraft:iron_leggings":2,"minecraft:iron_axe":1,"minecraft:iron_shovel":1,"minecraft:string":3,"create:raw_zinc":2,"artifacts:bunny_hoppers":1,"minecraft:dandelion":9,"minecraft:stone_brick_slab":4,"minecraft:raw_copper":43,"minecraft:tuff":20,"minecraft:stone_shovel":18,"minecraft:iron_boots":10,"minecraft:shroomlight":1,"minecraft:shield":1,"minecraft:allium":1,"wandering_bags:whip_of_dominance":1,"minecraft:peony":2,"minecraft:bundle":3,"minecraft:oak_sapling":206,"minecraft:golden_sword":1,"minecraft:spider_eye":3,"tombstone:essence_of_undeath":2,"minecraft:bow":2,"minecraft:stone_pickaxe":1,"minecraft:wooden_pickaxe":1},"minecraft:custom":{"minecraft:interact_with_crafting_table":111,"minecraft:open_barrel":15,"goblintraders:trade_with_goblin":19,"minecraft:eat_cake_slice":7,"minecraft:leave_game":25,"minecraft:time_since_death":179917,"minecraft:sprint_one_cm":2168230,"minecraft:damage_blocked_by_shield":1432,"minecraft:drop":311,"minecraft:talked_to_villager":209,"minecraft:play_time":899857,"minecraft:deaths":49,"minecraft:jump":14418,"minecraft:walk_on_water_one_cm":159460,"minecraft:interact_with_furnace":180,"minecraft:traded_with_villager":433,"minecraft:sleep_in_bed":14,"minecraft:damage_dealt":49549,"minecraft:player_kills":2,"minecraft:crouch_one_cm":219880,"tombstone:undead_killed":167,"tombstone:villager_killed":1,"minecraft:interact_with_smoker":24,"minecraft:interact_with_smithing_table":3,"minecraft:interact_with_anvil":12,"minecraft:mob_kills":297,"minecraft:inspect_hopper":6,"minecraft:climb_one_cm":6960,"minecraft:walk_one_cm":3459114,"minecraft:sneak_time":59029,"minecraft:walk_under_water_one_cm":57098,"minecraft:interact_with_blast_furnace":2,"minecraft:total_world_time":899857,"tombstone:raider_killed":5,"minecraft:interact_with_stonecutter":15,"minecraft:time_since_rest":15340,"minecraft:damage_taken":25229,"minecraft:swim_one_cm":69569,"minecraft:fly_one_cm":2029319,"minecraft:open_chest":421,"minecraft:fall_one_cm":326010}},"DataVersion":3120}