{"stats":{"minecraft:broken":{"minecraft:iron_shovel":3,"minecraft:iron_boots":1,"minecraft:iron_chestplate":1,"minecraft:golden_shovel":1,"minecraft:iron_leggings":1,"minecraft:stone_shovel":3,"thehammermod:excavator_iron":1,"minecraft:iron_hoe":1,"thehammermod:hammer_iron":1,"minecraft:shield":1,"thehammermod:hammer_diamond":1,"minecraft:iron_helmet":1},"minecraft:used":{"minecraft:polished_deepslate":31,"minecraft:iron_shovel":654,"minecraft:spruce_slab":297,"minecraft:ladder":19,"minecraft:diamond_hoe":88,"minecraft:oak_sign":18,"minecraft:shield":22,"minecraft:chest":18,"minecraft:rotten_flesh":8,"minecraft:iron_chestplate":1,"minecraft:carrot":13,"minecraft:tuff":47,"travelersbackpack:emerald":3,"minecraft:glass":150,"minecraft:lava_bucket":1,"minecraft:lantern":1,"minecraft:iron_helmet":1,"minecraft:stone_bricks":183,"minecraft:item_frame":1,"minecraft:bow":23,"minecraft:furnace":8,"minecraft:egg":1,"minecraft:dark_oak_sapling":2,"minecraft:diamond_boots":1,"minecraft:spruce_door":4,"minecraft:oak_planks":198,"minecraft:stone_pickaxe":45,"minecraft:wooden_pickaxe":14,"minecraft:diamond_axe":2065,"elevatorid:elevator_white":6,"minecraft:cookie":1,"minecraft:white_wool":55,"minecraft:sand":1,"minecraft:blast_furnace":2,"minecraft:crossbow":4,"minecraft:stone_brick_wall":44,"minecraft:dripstone_block":4,"thehammermod:excavator_iron":1,"minecraft:bread":63,"minecraft:stone_button":1,"tombstone:grave_key":2,"minecraft:gravel":45,"minecraft:nether_wart_block":3,"minecraft:grindstone":5,"minecraft:smithing_table":2,"minecraft:bone_meal":231,"minecraft:experience_bottle":1,"minecraft:oak_fence":48,"minecraft:flint_and_steel":1,"minecraft:stone_shovel":719,"minecraft:spruce_planks":158,"minecraft:stone_hoe":4,"minecraft:netherrack":614,"minecraft:brewing_stand":3,"minecraft:torch":34,"minecraft:dirt":1895,"minecraft:anvil":1,"minecraft:hopper":13,"minecraft:spruce_stairs":80,"minecraft:cobblestone_wall":2,"minecraft:diamond_helmet":1,"minecraft:yellow_carpet":1,"minecraft:golden_shovel":33,"minecraft:golden_chestplate":1,"minecraft:oak_fence_gate":6,"minecraft:granite":3,"minecraft:spruce_fence":21,"minecraft:iron_hoe":257,"minecraft:stone_brick_slab":232,"minecraft:chipped_anvil":1,"minecraft:iron_axe":225,"minecraft:oak_stairs":9,"minecraft:polished_deepslate_wall":13,"minecraft:crimson_slab":12,"minecraft:iron_boots":1,"minecraft:barrel":15,"minecraft:crimson_planks":75,"minecraft:bamboo":1,"minecraft:golden_carrot":66,"minecraft:podzol":6,"minecraft:netherite_pickaxe":510,"tombstone:gift":5,"wandering_bags:hammer_from_farlands":218,"minecraft:cooked_beef":14,"minecraft:cobbled_deepslate":53,"minecraft:iron_leggings":3,"minecraft:wheat_seeds":306,"minecraft:cooked_mutton":9,"minecraft:water_bucket":110,"minecraft:baked_potato":1,"minecraft:green_bed":2,"minecraft:cobblestone_slab":65,"minecraft:fletching_table":7,"minecraft:stonecutter":6,"minecraft:spruce_fence_gate":10,"minecraft:oak_slab":9,"minecraft:crafting_table":11,"minecraft:white_bed":14,"wandering_bags:whip_of_dominance":1,"minecraft:spruce_log":7,"minecraft:smoker":6,"mowziesmobs:wrought_axe":135,"minecraft:oak_log":153,"minecraft:diamond_pickaxe":3005,"minecraft:apple":20,"minecraft:diamond_shovel":131,"minecraft:iron_pickaxe":257,"minecraft:spruce_trapdoor":148,"minecraft:spruce_sapling":29,"minecraft:stone_axe":225,"minecraft:chiseled_stone_bricks":13,"minecraft:cobblestone":474,"minecraft:crimson_stairs":64,"minecraft:porkchop":4,"minecraft:cooked_porkchop":5,"minecraft:bucket":113,"thehammermod:excavator_diamond":1,"minecraft:glass_pane":8,"minecraft:yellow_bed":9,"minecraft:stripped_oak_log":3,"minecraft:diamond_leggings":2},"minecraft:killed":{"minecraft:spider":25,"minecraft:skeleton":58,"minecraft:piglin_brute":1,"artifacts:mimic":1,"minecraft:magma_cube":9,"minecraft:piglin":11,"minecraft:creeper":18,"minecraft:sheep":7,"minecraft:trader_llama":2,"minecraft:pillager":3,"minecraft:zombie":131,"minecraft:ghast":1,"minecraft:cow":8,"minecraft:blaze":20,"minecraft:slime":27,"minecraft:phantom":2,"minecraft:drowned":1,"minecraft:wandering_trader":1,"minecraft:hoglin":6,"minecraft:wither_skeleton":8,"minecraft:enderman":6},"minecraft:mined":{"create:deepslate_zinc_ore":5,"minecraft:spruce_planks":29,"minecraft:white_bed":14,"minecraft:farmland":2,"minecraft:brewing_stand":3,"minecraft:obsidian":14,"minecraft:spruce_trapdoor":21,"minecraft:granite":29,"minecraft:grass_block":1519,"minecraft:yellow_carpet":1,"minecraft:coal_block":48,"minecraft:hopper":3,"minecraft:oxeye_daisy":1,"minecraft:spawner":3,"minecraft:magma_block":11,"minecraft:glowstone":13,"minecraft:iron_ore":22,"minecraft:fire":64,"minecraft:pumpkin":15,"minecraft:deepslate_lapis_ore":10,"minecraft:fletching_table":4,"minecraft:azure_bluet":5,"minecraft:pointed_dripstone":2,"minecraft:oak_sign":1,"minecraft:dirt_path":9,"create:limestone":6,"minecraft:spruce_slab":9,"minecraft:green_bed":3,"minecraft:deepslate_redstone_ore":3,"minecraft:blackstone":66,"minecraft:crimson_nylium":1,"minecraft:smoker":6,"minecraft:torch":1,"minecraft:poppy":2,"minecraft:chest":1,"minecraft:glass":6,"minecraft:cobblestone":76,"minecraft:nether_quartz_ore":31,"minecraft:oak_planks":15,"minecraft:sugar_cane":2,"minecraft:grindstone":1,"minecraft:crimson_stairs":14,"minecraft:skeleton_skull":1,"minecraft:nether_wart_block":102,"minecraft:birch_log":173,"minecraft:wheat":1,"minecraft:lilac":2,"minecraft:orange_tulip":2,"minecraft:grass":485,"minecraft:oak_log":1066,"minecraft:oak_fence_gate":2,"minecraft:dark_oak_sapling":2,"minecraft:sand":285,"minecraft:dirt":2311,"minecraft:crimson_planks":1,"minecraft:ancient_debris":12,"minecraft:stonecutter":6,"minecraft:netherrack":1920,"minecraft:deepslate":411,"travelersbackpack:emerald":2,"create:crimsite":28,"minecraft:oak_leaves":22,"create:zinc_ore":15,"minecraft:nether_gold_ore":28,"minecraft:diamond_ore":1,"minecraft:crying_obsidian":1,"minecraft:tuff":103,"minecraft:deepslate_diamond_ore":41,"minecraft:ladder":16,"minecraft:nether_bricks":2,"minecraft:allium":1,"minecraft:spruce_fence":1,"minecraft:redstone_wire":2,"minecraft:potted_bamboo":1,"minecraft:crimson_stem":22,"minecraft:redstone_ore":9,"minecraft:spruce_sapling":4,"minecraft:furnace":8,"minecraft:andesite":51,"minecraft:peony":2,"minecraft:nether_brick_fence":1,"minecraft:bookshelf":51,"minecraft:cobblestone_slab":1,"minecraft:shroomlight":3,"minecraft:deepslate_iron_ore":133,"minecraft:lantern":2,"minecraft:stripped_oak_log":3,"minecraft:stone":2727,"minecraft:white_wool":11,"minecraft:podzol":1,"minecraft:smithing_table":4,"minecraft:oak_slab":1,"minecraft:redstone_block":3,"minecraft:glass_pane":2,"minecraft:comparator":3,"minecraft:soul_sand":17,"minecraft:basalt":106,"minecraft:stone_brick_slab":5,"minecraft:dandelion":5,"minecraft:crafting_table":5,"minecraft:emerald_ore":1,"minecraft:rose_bush":1,"minecraft:lectern":1,"minecraft:copper_ore":23,"minecraft:tall_grass":64,"minecraft:lapis_ore":1,"minecraft:deepslate_gold_ore":47,"minecraft:diorite":12,"minecraft:air":63,"minecraft:spruce_stairs":8,"minecraft:spruce_log":325,"minecraft:birch_leaves":1,"minecraft:bee_nest":1,"minecraft:yellow_bed":9,"elevatorid:elevator_white":2,"minecraft:coal_ore":209,"minecraft:gravel":116,"minecraft:dripstone_block":5,"minecraft:lodestone":1,"minecraft:spruce_fence_gate":4,"minecraft:stone_bricks":61,"minecraft:chipped_anvil":1},"minecraft:crafted":{"minecraft:grindstone":4,"minecraft:smooth_stone":6,"minecraft:oak_planks":3640,"minecraft:barrel":15,"minecraft:oak_sign":18,"minecraft:polished_deepslate_wall":13,"minecraft:stone":390,"minecraft:diamond_shovel":1,"minecraft:cooked_mutton":9,"minecraft:glass":276,"minecraft:hopper":10,"minecraft:diamond_helmet":1,"minecraft:diamond_leggings":2,"minecraft:iron_boots":11,"tombstone:grave_key":1,"minecraft:chest":26,"minecraft:chiseled_stone_bricks":2,"minecraft:stone_hoe":1,"minecraft:magenta_dye":2,"minecraft:oak_fence":48,"minecraft:oak_slab":60,"minecraft:emerald":445,"minecraft:arrow":64,"minecraft:cooked_porkchop":5,"minecraft:diamond_axe":1,"minecraft:crafting_table":6,"minecraft:spruce_planks":1396,"minecraft:wooden_pickaxe":1,"minecraft:iron_helmet":1,"minecraft:spruce_door":3,"thehammermod:handle_iron":2,"minecraft:chainmail_chestplate":2,"thehammermod:hammer_diamond":1,"minecraft:fletching_table":3,"minecraft:birch_planks":424,"minecraft:spruce_trapdoor":130,"minecraft:iron_chestplate":2,"minecraft:diamond_pickaxe":4,"minecraft:shield":2,"minecraft:stick":7696,"minecraft:stone_slab":6,"minecraft:iron_ingot":675,"minecraft:iron_pickaxe":2,"minecraft:iron_block":492,"minecraft:gold_ingot":29,"minecraft:netherite_ingot":3,"minecraft:spruce_fence_gate":6,"minecraft:shears":1,"minecraft:golden_carrot":67,"minecraft:redstone":20,"minecraft:stone_shovel":23,"minecraft:stone_brick_wall":14,"minecraft:iron_nugget":9,"minecraft:diamond_hoe":1,"minecraft:furnace":6,"minecraft:stone_button":1,"minecraft:blast_furnace":2,"minecraft:bone_meal":258,"minecraft:spruce_fence":21,"minecraft:glass_pane":16,"minecraft:flint_and_steel":1,"minecraft:lantern":1,"minecraft:spruce_stairs":72,"minecraft:polished_deepslate":31,"minecraft:iron_axe":1,"minecraft:ladder":6,"minecraft:iron_hoe":1,"minecraft:spruce_slab":300,"minecraft:ender_pearl":8,"minecraft:stone_pickaxe":1,"minecraft:diamond_boots":1,"thehammermod:handle_diamond":2,"minecraft:netherite_scrap":15,"minecraft:cooked_beef":13,"minecraft:crimson_planks":172,"minecraft:crossbow":1,"thehammermod:hammer_iron":1,"thehammermod:excavator_iron":1,"elevatorid:elevator_white":4,"minecraft:crimson_slab":12,"minecraft:stone_axe":25,"minecraft:glowstone":8,"minecraft:bread":28,"minecraft:air":0,"minecraft:crimson_stairs":56,"minecraft:oak_fence_gate":4,"minecraft:gold_nugget":297,"minecraft:oak_stairs":12,"minecraft:iron_shovel":2,"minecraft:iron_leggings":10,"minecraft:anvil":1,"minecraft:white_bed":1,"thehammermod:excavator_diamond":1,"minecraft:torch":36,"minecraft:lapis_lazuli":12,"minecraft:diamond_chestplate":1},"minecraft:picked_up":{"minecraft:wheat":150,"minecraft:flower_pot":2,"minecraft:redstone_block":3,"minecraft:nether_brick_fence":1,"minecraft:smithing_table":4,"artifacts:bunny_hoppers":1,"minecraft:lead":2,"minecraft:enchanted_book":1,"minecraft:nether_brick":4,"minecraft:crimson_planks":1,"minecraft:brewing_stand":3,"minecraft:golden_sword":1,"travelersbackpack:emerald":3,"minecraft:string":28,"minecraft:raw_copper":136,"create:limestone":6,"minecraft:iron_leggings":1,"minecraft:experience_bottle":1,"minecraft:shroomlight":3,"minecraft:oak_sign":1,"minecraft:diamond_leggings":2,"minecraft:gold_nugget":223,"minecraft:cobbled_deepslate":514,"minecraft:comparator":3,"minecraft:bucket":1,"minecraft:spruce_planks":27,"minecraft:white_tulip":2,"minecraft:rose_bush":2,"minecraft:cobblestone_slab":65,"minecraft:iron_pickaxe":1,"minecraft:coal_block":48,"minecraft:furnace":8,"minecraft:stick":326,"minecraft:torch":2,"minecraft:green_bed":3,"minecraft:spruce_stairs":8,"minecraft:porkchop":6,"minecraft:pointed_dripstone":12,"tombstone:grave_dust":23,"minecraft:diorite":12,"minecraft:golden_chestplate":2,"wandering_bags:piglin_bag":1,"minecraft:rotten_flesh":164,"minecraft:iron_block":14,"minecraft:blaze_rod":22,"minecraft:obsidian":33,"minecraft:cobblestone":4185,"minecraft:birch_log":171,"minecraft:magma_block":22,"minecraft:cooked_beef":1,"minecraft:lilac":3,"minecraft:magma_cream":2,"minecraft:andesite":77,"minecraft:golden_leggings":1,"minecraft:smoker":6,"minecraft:potato":1,"minecraft:flint":18,"minecraft:tuff":103,"create:raw_zinc":34,"minecraft:wither_skeleton_skull":2,"minecraft:map":1,"minecraft:lapis_lazuli":73,"minecraft:dirt":2823,"minecraft:lantern":16,"minecraft:leather_boots":1,"minecraft:glass":120,"minecraft:bone":77,"minecraft:chipped_anvil":1,"minecraft:bow":11,"minecraft:stonecutter":6,"minecraft:wheat_seeds":519,"minecraft:orange_tulip":2,"minecraft:raw_gold":46,"minecraft:grindstone":1,"minecraft:bamboo":1,"minecraft:fletching_table":4,"minecraft:diamond_helmet":2,"minecraft:glowstone_dust":92,"minecraft:oak_planks":62,"wandering_bags:chime_of_bewail":1,"minecraft:sand":277,"minecraft:grass_block":6,"minecraft:spectral_arrow":14,"minecraft:bundle":4,"minecraft:spruce_fence_gate":4,"create:crimsite":28,"minecraft:yellow_carpet":1,"tombstone:familiar_stone":1,"minecraft:diamond":42,"minecraft:crossbow":2,"minecraft:granite":29,"minecraft:diamond_pickaxe":1,"minecraft:emerald":22,"minecraft:bread":56,"minecraft:oak_sapling":441,"minecraft:netherrack":1804,"wandering_bags:whip_of_dominance":1,"minecraft:crimson_roots":2,"minecraft:crafting_table":5,"minecraft:allium":1,"minecraft:azure_bluet":6,"minecraft:ladder":19,"minecraft:nether_wart":20,"minecraft:diamond_horse_armor":1,"minecraft:shield":1,"minecraft:cornflower":2,"minecraft:flint_and_steel":1,"minecraft:netherite_scrap":3,"minecraft:item_frame":2,"minecraft:iron_shovel":2,"minecraft:blackstone":140,"minecraft:beef":16,"minecraft:spruce_slab":7,"minecraft:lectern":2,"minecraft:poppy":20,"minecraft:sugar_cane":3,"minecraft:chest":2,"minecraft:birch_sapling":45,"minecraft:spruce_trapdoor":20,"minecraft:phantom_membrane":1,"minecraft:egg":2,"minecraft:dark_oak_sapling":2,"minecraft:raw_iron":154,"minecraft:copper_ingot":1,"minecraft:spruce_fence":1,"artifacts:vampiric_glove":1,"minecraft:cookie":1,"minecraft:carrot":225,"minecraft:redstone":54,"thehammermod:hammer_iron":1,"minecraft:arrow":207,"minecraft:weeping_vines":2,"minecraft:stone_shovel":1,"minecraft:peony":2,"minecraft:diamond_boots":2,"tombstone:essence_of_undeath":3,"minecraft:saddle":2,"minecraft:gold_ingot":3,"wandering_bags:wandering_bag":1,"minecraft:mutton":9,"minecraft:skeleton_skull":1,"minecraft:white_wool":97,"minecraft:stripped_oak_log":3,"minecraft:basalt":208,"minecraft:glow_ink_sac":10,"minecraft:crimson_stem":43,"minecraft:leather":14,"minecraft:oak_log":1091,"minecraft:ancient_debris":12,"minecraft:golden_boots":2,"minecraft:yellow_bed":9,"minecraft:nether_wart_block":54,"minecraft:gunpowder":16,"mowziesmobs:wrought_axe":2,"minecraft:apple":39,"minecraft:stone_bricks":58,"minecraft:iron_ingot":26,"minecraft:oak_fence_gate":2,"minecraft:soul_sand":17,"minecraft:oak_slab":1,"elevatorid:elevator_white":2,"minecraft:book":153,"minecraft:pumpkin":30,"minecraft:stone_brick_slab":18,"minecraft:quartz":52,"minecraft:dandelion":9,"minecraft:dripstone_block":29,"minecraft:gravel":91,"minecraft:crimson_stairs":14,"minecraft:spruce_sapling":57,"minecraft:white_bed":15,"minecraft:spruce_log":356,"minecraft:spruce_door":1,"minecraft:crying_obsidian":1,"minecraft:spider_eye":10,"minecraft:leather_helmet":1,"minecraft:firework_rocket":1,"minecraft:slime_ball":41,"minecraft:diamond_axe":2,"minecraft:lodestone":2,"minecraft:baked_potato":1,"tombstone:magic_scroll":3,"minecraft:coal":491,"minecraft:hopper":3,"minecraft:ender_pearl":3},"minecraft:killed_by":{"minecraft:piglin_brute":4,"minecraft:creeper":3,"minecraft:piglin":2,"minecraft:zombie":10,"minecraft:player":1,"mowziesmobs:ferrous_wroughtnaut":15,"minecraft:hoglin":1,"minecraft:skeleton":7},"minecraft:dropped":{"minecraft:soul_sand":17,"minecraft:porkchop":2,"minecraft:oak_log":3,"minecraft:glow_ink_sac":10,"minecraft:orange_tulip":2,"minecraft:weeping_vines":2,"minecraft:leather_helmet":1,"minecraft:item_frame":1,"minecraft:flint":9,"minecraft:dirt":20,"minecraft:yellow_dye":3,"minecraft:cornflower":2,"minecraft:crimson_roots":1,"minecraft:gold_nugget":1,"minecraft:birch_log":1,"minecraft:gold_ingot":3,"minecraft:bone":9,"minecraft:gravel":19,"minecraft:white_tulip":2,"minecraft:stone_axe":25,"minecraft:golden_chestplate":1,"minecraft:nether_brick":4,"minecraft:wheat":62,"minecraft:birch_sapling":45,"minecraft:pointed_dripstone":13,"minecraft:rotten_flesh":112,"minecraft:oak_planks":52,"minecraft:carrot":8,"minecraft:nether_brick_fence":1,"minecraft:azure_bluet":7,"minecraft:white_bed":1,"minecraft:chainmail_chestplate":2,"minecraft:poppy":1557,"minecraft:gunpowder":5,"minecraft:leather_boots":1,"minecraft:arrow":11,"thehammermod:hammer_iron":1,"minecraft:lectern":1,"minecraft:crimson_planks":1,"minecraft:egg":1,"minecraft:stone_hoe":1,"minecraft:bread":5,"wandering_bags:chime_of_bewail":1,"minecraft:wheat_seeds":47,"minecraft:lilac":2,"minecraft:dripstone_block":10,"minecraft:cobblestone":1,"minecraft:apple":1,"minecraft:granite":11,"minecraft:copper_ingot":1,"minecraft:coal":3,"minecraft:iron_block":7,"minecraft:crimson_stairs":6,"minecraft:diorite":12,"tombstone:grave_key":1,"minecraft:nether_wart_block":51,"minecraft:rose_bush":2,"tombstone:grave_dust":10,"minecraft:iron_leggings":2,"minecraft:iron_axe":1,"minecraft:iron_shovel":1,"minecraft:string":6,"minecraft:bucket":1,"create:raw_zinc":2,"artifacts:bunny_hoppers":1,"minecraft:dandelion":9,"minecraft:stone_brick_slab":4,"minecraft:raw_copper":43,"minecraft:tuff":20,"minecraft:stone_shovel":18,"minecraft:iron_boots":10,"minecraft:oak_sign":1,"minecraft:spruce_fence":1,"minecraft:shroomlight":1,"minecraft:shield":1,"minecraft:flower_pot":1,"minecraft:allium":1,"minecraft:spruce_trapdoor":1,"wandering_bags:whip_of_dominance":1,"minecraft:peony":2,"minecraft:bundle":3,"minecraft:oak_sapling":224,"minecraft:golden_sword":1,"minecraft:spider_eye":4,"tombstone:essence_of_undeath":2,"minecraft:bow":2,"minecraft:magenta_dye":2,"minecraft:stone_pickaxe":1,"minecraft:wooden_pickaxe":1},"minecraft:custom":{"minecraft:interact_with_crafting_table":202,"minecraft:open_barrel":17,"goblintraders:trade_with_goblin":19,"minecraft:eat_cake_slice":7,"minecraft:leave_game":32,"minecraft:time_since_death":291873,"minecraft:sprint_one_cm":2880535,"minecraft:damage_blocked_by_shield":1432,"minecraft:drop":370,"minecraft:talked_to_villager":240,"minecraft:play_time":1276322,"minecraft:deaths":51,"minecraft:jump":17823,"minecraft:walk_on_water_one_cm":234865,"minecraft:interact_with_furnace":209,"minecraft:traded_with_villager":551,"minecraft:sleep_in_bed":33,"minecraft:damage_dealt":59553,"minecraft:player_kills":2,"minecraft:crouch_one_cm":326431,"tombstone:undead_killed":200,"tombstone:villager_killed":1,"minecraft:interact_with_smoker":26,"minecraft:interact_with_smithing_table":3,"minecraft:interact_with_anvil":13,"minecraft:mob_kills":350,"minecraft:inspect_hopper":6,"minecraft:climb_one_cm":14011,"minecraft:walk_one_cm":4636462,"minecraft:sneak_time":90574,"minecraft:walk_under_water_one_cm":148056,"minecraft:interact_with_blast_furnace":2,"minecraft:total_world_time":1276322,"tombstone:raider_killed":8,"minecraft:interact_with_grindstone":3,"minecraft:interact_with_stonecutter":21,"minecraft:time_since_rest":14602,"minecraft:damage_taken":26733,"minecraft:swim_one_cm":78687,"minecraft:fly_one_cm":2589680,"minecraft:open_chest":590,"minecraft:fall_one_cm":460689}},"DataVersion":3120}