{"stats":{"minecraft:broken":{"minecraft:iron_shovel":2,"minecraft:iron_boots":1,"minecraft:iron_chestplate":1,"minecraft:golden_shovel":1,"minecraft:iron_leggings":1,"minecraft:stone_shovel":1,"thehammermod:excavator_iron":1,"thehammermod:hammer_iron":1,"minecraft:shield":1,"thehammermod:hammer_diamond":1,"minecraft:iron_helmet":1},"minecraft:mined":{"create:deepslate_zinc_ore":5,"minecraft:white_bed":14,"minecraft:brewing_stand":1,"minecraft:granite":29,"minecraft:grass_block":1358,"minecraft:yellow_carpet":1,"minecraft:hopper":3,"minecraft:oxeye_daisy":1,"minecraft:spawner":1,"minecraft:iron_ore":22,"minecraft:pumpkin":15,"minecraft:fletching_table":4,"minecraft:deepslate_lapis_ore":10,"minecraft:azure_bluet":5,"minecraft:pointed_dripstone":2,"minecraft:dirt_path":1,"create:limestone":6,"minecraft:green_bed":3,"minecraft:deepslate_redstone_ore":3,"minecraft:smoker":6,"minecraft:torch":1,"minecraft:poppy":2,"minecraft:glass":6,"minecraft:cobblestone":65,"minecraft:sugar_cane":2,"minecraft:oak_planks":9,"minecraft:birch_log":64,"minecraft:lilac":1,"minecraft:orange_tulip":2,"minecraft:grass":221,"minecraft:oak_log":469,"minecraft:sand":284,"minecraft:dirt":2252,"minecraft:stonecutter":4,"travelersbackpack:emerald":2,"create:crimsite":28,"minecraft:oak_leaves":13,"minecraft:deepslate":411,"create:zinc_ore":5,"minecraft:diamond_ore":1,"minecraft:crying_obsidian":1,"minecraft:tuff":103,"minecraft:deepslate_diamond_ore":41,"minecraft:allium":1,"minecraft:redstone_wire":1,"minecraft:redstone_ore":9,"minecraft:furnace":8,"minecraft:andesite":51,"minecraft:peony":2,"minecraft:bookshelf":22,"minecraft:deepslate_iron_ore":133,"minecraft:cobblestone_slab":1,"minecraft:lantern":2,"minecraft:stone":2695,"minecraft:smithing_table":3,"minecraft:redstone_block":2,"minecraft:comparator":2,"minecraft:stone_brick_slab":5,"minecraft:dandelion":5,"minecraft:crafting_table":4,"minecraft:emerald_ore":1,"minecraft:rose_bush":1,"minecraft:tall_grass":29,"minecraft:copper_ore":23,"minecraft:lapis_ore":1,"minecraft:deepslate_gold_ore":47,"minecraft:diorite":12,"minecraft:air":4,"minecraft:spruce_stairs":1,"minecraft:yellow_bed":6,"minecraft:coal_ore":130,"minecraft:gravel":102,"minecraft:dripstone_block":5,"minecraft:stone_bricks":59,"minecraft:chipped_anvil":1},"minecraft:dropped":{"minecraft:glow_ink_sac":10,"minecraft:orange_tulip":2,"minecraft:flint":9,"minecraft:dirt":7,"minecraft:cornflower":2,"minecraft:bone":5,"minecraft:gravel":4,"minecraft:stone_axe":25,"minecraft:birch_sapling":23,"minecraft:pointed_dripstone":13,"minecraft:rotten_flesh":81,"minecraft:oak_planks":51,"minecraft:azure_bluet":7,"minecraft:white_bed":1,"minecraft:poppy":1,"minecraft:gunpowder":5,"minecraft:chainmail_boots":9,"minecraft:arrow":9,"thehammermod:hammer_iron":1,"wandering_bags:chime_of_bewail":1,"minecraft:wheat_seeds":21,"minecraft:lilac":2,"minecraft:dripstone_block":10,"minecraft:cobblestone":1,"minecraft:granite":11,"minecraft:copper_ingot":1,"minecraft:diorite":12,"minecraft:rose_bush":2,"tombstone:grave_dust":6,"minecraft:iron_axe":1,"minecraft:iron_shovel":1,"minecraft:string":3,"create:raw_zinc":2,"artifacts:bunny_hoppers":1,"minecraft:dandelion":9,"minecraft:stone_brick_slab":4,"minecraft:raw_copper":43,"minecraft:tuff":20,"minecraft:stone_shovel":18,"minecraft:allium":1,"minecraft:peony":2,"minecraft:bundle":2,"minecraft:oak_sapling":105,"minecraft:spider_eye":3,"tombstone:essence_of_undeath":2,"minecraft:bow":2,"minecraft:stone_pickaxe":1,"minecraft:wooden_pickaxe":1},"minecraft:killed":{"minecraft:spider":14,"minecraft:skeleton":35,"artifacts:mimic":1,"minecraft:creeper":15,"minecraft:sheep":7,"minecraft:trader_llama":2,"minecraft:zombie":78,"minecraft:cow":8,"minecraft:slime":27,"minecraft:drowned":1,"minecraft:wandering_trader":1,"minecraft:enderman":1},"minecraft:killed_by":{"minecraft:creeper":3,"minecraft:zombie":9,"minecraft:player":1,"mowziesmobs:ferrous_wroughtnaut":15,"minecraft:skeleton":6},"minecraft:crafted":{"minecraft:oak_planks":1896,"minecraft:smooth_stone":3,"minecraft:oak_sign":9,"minecraft:stone":195,"minecraft:cooked_mutton":9,"minecraft:glass":276,"minecraft:hopper":9,"minecraft:iron_boots":1,"minecraft:chest":17,"minecraft:stone_hoe":1,"minecraft:arrow":64,"minecraft:emerald":158,"minecraft:diamond_axe":1,"minecraft:crafting_table":2,"minecraft:wooden_pickaxe":1,"minecraft:iron_helmet":1,"thehammermod:handle_iron":2,"thehammermod:hammer_diamond":1,"minecraft:fletching_table":3,"minecraft:birch_planks":252,"minecraft:iron_chestplate":2,"minecraft:diamond_pickaxe":2,"minecraft:shield":1,"minecraft:stick":3484,"minecraft:iron_ingot":154,"minecraft:iron_pickaxe":1,"minecraft:iron_block":3,"minecraft:gold_ingot":29,"minecraft:golden_carrot":32,"minecraft:stone_shovel":23,"minecraft:furnace":5,"minecraft:blast_furnace":1,"minecraft:bone_meal":27,"minecraft:iron_axe":1,"minecraft:stone_pickaxe":1,"thehammermod:handle_diamond":2,"minecraft:cooked_beef":13,"thehammermod:hammer_iron":1,"thehammermod:excavator_iron":1,"minecraft:stone_axe":25,"minecraft:air":0,"minecraft:gold_nugget":261,"minecraft:chainmail_boots":9,"minecraft:iron_shovel":3,"minecraft:iron_leggings":10,"minecraft:anvil":1,"minecraft:white_bed":1,"thehammermod:excavator_diamond":1,"minecraft:torch":32},"minecraft:custom":{"minecraft:interact_with_crafting_table":74,"minecraft:open_barrel":14,"minecraft:eat_cake_slice":7,"minecraft:leave_game":12,"minecraft:time_since_death":45847,"minecraft:sprint_one_cm":1385819,"minecraft:damage_blocked_by_shield":686,"minecraft:drop":239,"minecraft:talked_to_villager":122,"minecraft:play_time":591306,"minecraft:deaths":40,"minecraft:jump":9819,"minecraft:walk_on_water_one_cm":152369,"minecraft:interact_with_furnace":157,"minecraft:traded_with_villager":231,"minecraft:sleep_in_bed":8,"minecraft:damage_dealt":31232,"minecraft:crouch_one_cm":133353,"tombstone:undead_killed":114,"tombstone:villager_killed":1,"minecraft:interact_with_smoker":20,"minecraft:interact_with_smithing_table":2,"minecraft:mob_kills":193,"minecraft:interact_with_anvil":8,"minecraft:inspect_hopper":6,"minecraft:climb_one_cm":6091,"minecraft:walk_one_cm":2382040,"minecraft:sneak_time":38982,"minecraft:walk_under_water_one_cm":55262,"minecraft:interact_with_blast_furnace":2,"minecraft:total_world_time":591306,"tombstone:raider_killed":1,"minecraft:interact_with_stonecutter":8,"minecraft:time_since_rest":10019,"minecraft:damage_taken":19483,"minecraft:swim_one_cm":57375,"minecraft:fly_one_cm":1206105,"minecraft:open_chest":219,"minecraft:fall_one_cm":204536},"minecraft:picked_up":{"minecraft:redstone_block":2,"artifacts:bunny_hoppers":1,"minecraft:smithing_table":3,"minecraft:lead":2,"minecraft:enchanted_book":1,"minecraft:brewing_stand":1,"travelersbackpack:emerald":3,"minecraft:string":19,"create:limestone":6,"minecraft:raw_copper":95,"minecraft:experience_bottle":1,"minecraft:cobbled_deepslate":411,"minecraft:comparator":2,"minecraft:rose_bush":2,"minecraft:cobblestone_slab":1,"minecraft:furnace":8,"minecraft:stick":154,"minecraft:torch":2,"minecraft:green_bed":3,"minecraft:spruce_stairs":1,"minecraft:pointed_dripstone":12,"tombstone:grave_dust":11,"minecraft:diorite":12,"minecraft:rotten_flesh":106,"minecraft:cobblestone":2713,"minecraft:birch_log":63,"minecraft:lilac":2,"minecraft:andesite":51,"minecraft:smoker":6,"minecraft:flint":15,"minecraft:tuff":103,"create:raw_zinc":10,"minecraft:map":1,"minecraft:lapis_lazuli":73,"minecraft:dirt":2418,"minecraft:lantern":5,"minecraft:bone":45,"minecraft:chipped_anvil":1,"minecraft:stonecutter":4,"minecraft:bow":4,"minecraft:orange_tulip":2,"minecraft:wheat_seeds":50,"minecraft:raw_gold":46,"minecraft:fletching_table":4,"minecraft:oak_planks":55,"wandering_bags:chime_of_bewail":1,"minecraft:sand":276,"minecraft:grass_block":1,"minecraft:bundle":3,"create:crimsite":28,"minecraft:yellow_carpet":1,"minecraft:diamond":42,"minecraft:granite":29,"minecraft:bread":51,"minecraft:emerald":22,"minecraft:oak_sapling":202,"minecraft:crafting_table":4,"minecraft:allium":1,"minecraft:azure_bluet":6,"minecraft:cornflower":2,"minecraft:item_frame":1,"minecraft:iron_shovel":2,"minecraft:beef":16,"minecraft:poppy":3,"minecraft:sugar_cane":3,"minecraft:birch_sapling":28,"minecraft:raw_iron":154,"minecraft:copper_ingot":1,"artifacts:vampiric_glove":1,"minecraft:cookie":1,"minecraft:carrot":40,"minecraft:redstone":53,"thehammermod:hammer_iron":1,"minecraft:arrow":30,"minecraft:peony":2,"tombstone:essence_of_undeath":2,"minecraft:gold_ingot":2,"wandering_bags:wandering_bag":1,"minecraft:mutton":9,"minecraft:white_wool":6,"minecraft:glow_ink_sac":10,"minecraft:leather":13,"minecraft:oak_log":474,"minecraft:golden_boots":1,"minecraft:yellow_bed":6,"minecraft:gunpowder":13,"mowziesmobs:wrought_axe":1,"minecraft:apple":13,"minecraft:stone_bricks":56,"minecraft:iron_ingot":6,"minecraft:book":66,"minecraft:pumpkin":15,"minecraft:stone_brick_slab":8,"minecraft:dandelion":9,"minecraft:dripstone_block":29,"minecraft:gravel":61,"minecraft:white_bed":15,"minecraft:crying_obsidian":1,"minecraft:spider_eye":4,"minecraft:firework_rocket":1,"minecraft:slime_ball":23,"minecraft:baked_potato":1,"tombstone:magic_scroll":3,"minecraft:coal":330,"minecraft:hopper":3,"minecraft:ender_pearl":1},"minecraft:used":{"minecraft:iron_shovel":600,"minecraft:oak_sign":9,"minecraft:chest":8,"minecraft:shield":4,"minecraft:rotten_flesh":8,"minecraft:iron_chestplate":1,"minecraft:carrot":2,"minecraft:tuff":47,"travelersbackpack:emerald":1,"minecraft:glass":150,"minecraft:lava_bucket":1,"minecraft:iron_helmet":1,"minecraft:stone_bricks":86,"minecraft:item_frame":1,"minecraft:furnace":8,"minecraft:stone_pickaxe":45,"minecraft:oak_planks":99,"minecraft:wooden_pickaxe":14,"minecraft:diamond_axe":524,"minecraft:cookie":1,"minecraft:blast_furnace":1,"minecraft:dripstone_block":4,"thehammermod:excavator_iron":1,"minecraft:bread":57,"tombstone:grave_key":2,"minecraft:gravel":40,"minecraft:smithing_table":2,"minecraft:bone_meal":27,"minecraft:experience_bottle":1,"minecraft:stone_shovel":452,"minecraft:stone_hoe":4,"minecraft:torch":34,"minecraft:dirt":1460,"minecraft:anvil":1,"minecraft:hopper":12,"minecraft:spruce_stairs":1,"minecraft:yellow_carpet":1,"minecraft:golden_shovel":33,"minecraft:granite":3,"minecraft:stone_brick_slab":232,"minecraft:chipped_anvil":1,"minecraft:iron_axe":225,"minecraft:iron_boots":1,"minecraft:golden_carrot":14,"tombstone:gift":5,"wandering_bags:hammer_from_farlands":9,"minecraft:cooked_beef":13,"minecraft:cobbled_deepslate":48,"minecraft:iron_leggings":1,"minecraft:cooked_mutton":9,"minecraft:water_bucket":67,"minecraft:baked_potato":1,"minecraft:fletching_table":7,"minecraft:stonecutter":4,"minecraft:green_bed":2,"minecraft:cobblestone_slab":65,"minecraft:crafting_table":6,"minecraft:white_bed":10,"minecraft:smoker":6,"mowziesmobs:wrought_axe":135,"minecraft:diamond_pickaxe":1228,"minecraft:apple":15,"minecraft:iron_pickaxe":112,"minecraft:stone_axe":225,"minecraft:cobblestone":150,"minecraft:bucket":69,"thehammermod:excavator_diamond":1}},"DataVersion":3120}