{"stats":{"minecraft:broken":{"minecraft:iron_shovel":4,"minecraft:iron_sword":1},"minecraft:used":{"minecraft:oak_trapdoor":2,"farmersdelight:onion_crate":2,"minecraft:stone_sword":86,"minecraft:iron_shovel":1013,"minecraft:ladder":12,"minecraft:chest":6,"minecraft:shield":108,"minecraft:iron_sword":298,"minecraft:iron_chestplate":1,"minecraft:torch":28,"minecraft:dirt":147,"farmersdelight:carrot_crate":32,"minecraft:carrot":26,"minecraft:tuff":2,"minecraft:obsidian":8,"minecraft:iron_hoe":71,"minecraft:wooden_axe":36,"minecraft:iron_axe":171,"mowziesmobs:clawed_log":1,"minecraft:light_blue_bed":1,"minecraft:barrel":1,"farmersdelight:cutting_board":1,"minecraft:bow":20,"minecraft:hay_block":1,"minecraft:furnace":2,"tombstone:gift":1,"minecraft:potato":1,"minecraft:cooked_beef":1,"farmersdelight:tomato_seeds":49,"minecraft:cobbled_deepslate":3,"farmersdelight:potato_crate":15,"minecraft:iron_leggings":1,"minecraft:cooked_mutton":6,"farmersdelight:iron_knife":61,"minecraft:stone_pickaxe":72,"minecraft:oak_planks":26,"minecraft:cactus":85,"farmersdelight:golden_knife":20,"minecraft:wooden_pickaxe":6,"minecraft:sandstone":19,"minecraft:stonecutter":1,"minecraft:sugar_cane":149,"minecraft:sand":526,"minecraft:crafting_table":6,"farmersdelight:rice":40,"minecraft:smoker":1,"tombstone:bag_of_seeds":1,"minecraft:oak_log":11,"minecraft:apple":4,"minecraft:bread":38,"minecraft:melon_slice":59,"minecraft:iron_pickaxe":240,"travelersbackpack:white_sleeping_bag":4,"minecraft:stone_axe":122,"minecraft:diamond_sword":42,"minecraft:cooked_porkchop":7,"minecraft:jungle_door":2,"minecraft:experience_bottle":2},"minecraft:killed":{"mowziesmobs:umvuthi":1,"minecraft:spider":20,"minecraft:skeleton":17,"mowziesmobs:umvuthana_crane":9,"minecraft:drowned":1,"mowziesmobs:umvuthana":13,"minecraft:husk":29,"minecraft:pig":4,"minecraft:creeper":14,"minecraft:sheep":3,"minecraft:zombie":31,"minecraft:cow":23},"minecraft:crafted":{"minecraft:oak_planks":108,"farmersdelight:potato_crate":15,"minecraft:melon":22,"minecraft:furnace":1,"minecraft:oak_trapdoor":2,"minecraft:cooked_mutton":6,"travelersbackpack:white_sleeping_bag":1,"minecraft:iron_boots":1,"farmersdelight:carrot_crate":14,"minecraft:ladder":6,"minecraft:iron_hoe":1,"minecraft:stone_pickaxe":1,"farmersdelight:rice":3,"minecraft:chest":6,"minecraft:cooked_beef":19,"minecraft:sugar":12,"minecraft:diamond_sword":1,"minecraft:cooked_porkchop":2,"farmersdelight:onion_crate":1,"minecraft:crafting_table":2,"farmersdelight:iron_knife":1,"minecraft:wooden_pickaxe":1,"farmersdelight:smoked_ham":1,"minecraft:stone_axe":1,"minecraft:bread":33,"minecraft:air":0,"farmersdelight:cutting_board":1,"minecraft:iron_chestplate":2,"minecraft:diamond_pickaxe":1,"minecraft:shield":1,"minecraft:stick":40,"minecraft:iron_ingot":41,"minecraft:iron_pickaxe":1,"minecraft:wooden_axe":1,"minecraft:stone_sword":1,"minecraft:iron_shovel":4,"minecraft:iron_leggings":1,"minecraft:gold_ingot":3,"minecraft:torch":20},"minecraft:mined":{"minecraft:tuff":2,"farmersdelight:wild_carrots":6,"minecraft:jungle_leaves":1,"minecraft:potted_blue_orchid":1,"mowziesmobs:clawed_log":1,"minecraft:ladder":5,"minecraft:grass_block":61,"travelersbackpack:white_sleeping_bag":4,"minecraft:sandstone":167,"minecraft:spawner":1,"minecraft:hay_block":37,"minecraft:tall_seagrass":2,"minecraft:oak_trapdoor":1,"minecraft:furnace":1,"farmersdelight:wild_rice":39,"minecraft:iron_ore":32,"minecraft:fire":9,"minecraft:bookshelf":21,"minecraft:vine":4,"farmersdelight:rice_panicles":3,"minecraft:bamboo":1,"minecraft:stone":30,"minecraft:iron_block":1,"minecraft:potted_allium":1,"minecraft:acacia_leaves":3,"minecraft:scaffolding":19,"minecraft:jungle_door":2,"minecraft:smoker":1,"minecraft:orange_terracotta":1,"minecraft:crafting_table":5,"minecraft:torch":4,"minecraft:melon":56,"minecraft:dead_bush":3,"farmersdelight:carrot_crate":18,"farmersdelight:wild_tomatoes":7,"minecraft:sugar_cane":216,"minecraft:oak_planks":26,"minecraft:wall_torch":2,"minecraft:air":1,"minecraft:seagrass":4,"minecraft:cactus":32,"minecraft:light_blue_bed":1,"minecraft:birch_leaves":2,"minecraft:grass":42,"minecraft:oak_log":26,"minecraft:coal_ore":64,"minecraft:sand":892,"minecraft:dirt":92,"minecraft:cobweb":12,"minecraft:terracotta":1,"minecraft:stonecutter":1,"minecraft:potted_red_tulip":1,"minecraft:gold_ore":3,"minecraft:oak_leaves":3,"minecraft:deepslate":3,"minecraft:fern":4},"minecraft:picked_up":{"minecraft:cocoa_beans":15,"minecraft:crafting_table":4,"minecraft:wheat":17,"minecraft:allium":1,"minecraft:ladder":6,"minecraft:flower_pot":3,"farmersdelight:rice_panicle":3,"minecraft:oak_trapdoor":1,"minecraft:string":12,"minecraft:iron_axe":1,"minecraft:blue_orchid":1,"minecraft:cobbled_deepslate":3,"minecraft:beef":48,"minecraft:iron_pickaxe":1,"minecraft:melon_slice":294,"minecraft:sugar_cane":325,"minecraft:furnace":1,"minecraft:egg":9,"minecraft:golden_helmet":1,"minecraft:stick":11,"minecraft:raw_iron":32,"minecraft:sandstone":166,"minecraft:jungle_door":2,"farmersdelight:minced_beef":64,"mowziesmobs:sol_visage":1,"minecraft:torch":12,"minecraft:porkchop":9,"farmersdelight:tomato_seeds":6,"tombstone:grave_dust":23,"minecraft:carrot":133,"minecraft:light_blue_bed":1,"mowziesmobs:umvuthana_mask_faith":3,"minecraft:arrow":19,"minecraft:cactus":46,"minecraft:rotten_flesh":57,"minecraft:hay_block":37,"minecraft:red_tulip":1,"minecraft:iron_block":1,"mowziesmobs:umvuthana_mask_bliss":4,"tombstone:essence_of_undeath":1,"minecraft:mutton":6,"minecraft:white_wool":3,"minecraft:cobblestone":30,"mowziesmobs:umvuthana_mask_fury":1,"minecraft:feather":22,"farmersdelight:rice":39,"minecraft:leather":23,"minecraft:smoker":1,"minecraft:potato":125,"minecraft:tuff":2,"minecraft:oak_log":38,"minecraft:gunpowder":10,"farmersdelight:carrot_crate":18,"farmersdelight:tomato":1,"minecraft:dirt":153,"minecraft:bone":16,"minecraft:apple":1,"mowziesmobs:umvuthana_mask_rage":1,"minecraft:stonecutter":1,"minecraft:bow":2,"minecraft:wheat_seeds":50,"minecraft:raw_gold":3,"tombstone:bag_of_seeds":1,"minecraft:bamboo":13,"mowziesmobs:umvuthana_mask_misery":2,"minecraft:oak_planks":26,"minecraft:book":63,"minecraft:scaffolding":40,"mowziesmobs:clawed_log":1,"minecraft:cooked_porkchop":9,"minecraft:sand":933,"minecraft:spider_eye":8,"travelersbackpack:white_sleeping_bag":4,"minecraft:bundle":3,"minecraft:slime_ball":1,"minecraft:oak_sapling":13,"tombstone:magic_scroll":2,"minecraft:coal":83},"minecraft:killed_by":{"minecraft:creeper":2},"minecraft:dropped":{"minecraft:wheat_seeds":17,"minecraft:stick":4,"minecraft:wooden_axe":1,"tombstone:grave_dust":13,"minecraft:bone":4,"minecraft:stone_axe":1,"minecraft:wheat":1,"minecraft:spider_eye":1,"minecraft:wooden_pickaxe":1,"minecraft:egg":2},"minecraft:custom":{"minecraft:interact_with_smithing_table":1,"minecraft:mob_kills":167,"minecraft:interact_with_crafting_table":44,"minecraft:open_barrel":13,"minecraft:damage_dealt_resisted":66,"minecraft:leave_game":7,"minecraft:time_since_death":127098,"minecraft:climb_one_cm":18956,"minecraft:sprint_one_cm":685606,"minecraft:walk_one_cm":479921,"minecraft:damage_blocked_by_shield":1895,"minecraft:drop":26,"minecraft:talked_to_villager":12,"minecraft:play_time":312116,"minecraft:sneak_time":2001,"minecraft:deaths":2,"minecraft:walk_under_water_one_cm":31393,"minecraft:jump":5083,"minecraft:walk_on_water_one_cm":61255,"minecraft:total_world_time":312116,"minecraft:interact_with_furnace":28,"minecraft:sleep_in_bed":8,"minecraft:time_since_rest":10038,"minecraft:damage_taken":3633,"minecraft:damage_dealt":27946,"minecraft:swim_one_cm":123023,"minecraft:fly_one_cm":1196100,"minecraft:crouch_one_cm":4259,"minecraft:open_chest":277,"tombstone:undead_killed":78,"minecraft:interact_with_smoker":9,"minecraft:fall_one_cm":148064}},"DataVersion":3120}