{"stats":{"minecraft:mined":{"minecraft:tuff":2,"farmersdelight:wild_carrots":6,"minecraft:jungle_leaves":1,"minecraft:potted_blue_orchid":1,"mowziesmobs:clawed_log":1,"minecraft:grass_block":24,"travelersbackpack:white_sleeping_bag":3,"minecraft:spawner":1,"minecraft:hay_block":37,"minecraft:tall_seagrass":1,"minecraft:furnace":1,"farmersdelight:wild_rice":39,"minecraft:iron_ore":32,"minecraft:fire":9,"minecraft:bookshelf":21,"minecraft:vine":4,"minecraft:bamboo":1,"minecraft:stone":22,"minecraft:iron_block":1,"minecraft:potted_allium":1,"minecraft:acacia_leaves":3,"minecraft:scaffolding":19,"minecraft:jungle_door":2,"minecraft:smoker":1,"minecraft:orange_terracotta":1,"minecraft:crafting_table":5,"minecraft:torch":4,"minecraft:melon":56,"minecraft:dead_bush":3,"farmersdelight:wild_tomatoes":2,"minecraft:sugar_cane":96,"minecraft:oak_planks":26,"minecraft:wall_torch":2,"minecraft:air":1,"minecraft:seagrass":4,"minecraft:cactus":32,"minecraft:light_blue_bed":1,"minecraft:birch_leaves":2,"minecraft:grass":37,"minecraft:coal_ore":64,"minecraft:oak_log":26,"minecraft:sand":727,"minecraft:dirt":16,"minecraft:cobweb":12,"minecraft:terracotta":1,"minecraft:stonecutter":1,"minecraft:potted_red_tulip":1,"minecraft:gold_ore":3,"minecraft:oak_leaves":3,"minecraft:deepslate":3,"minecraft:fern":4},"minecraft:broken":{"minecraft:iron_shovel":3,"minecraft:iron_sword":1},"minecraft:used":{"minecraft:stone_sword":86,"minecraft:iron_shovel":753,"minecraft:chest":3,"minecraft:shield":108,"minecraft:iron_sword":298,"minecraft:iron_chestplate":1,"minecraft:torch":28,"minecraft:carrot":18,"minecraft:tuff":2,"minecraft:wooden_axe":36,"minecraft:iron_axe":147,"mowziesmobs:clawed_log":1,"minecraft:barrel":1,"minecraft:bow":20,"minecraft:hay_block":1,"minecraft:furnace":2,"tombstone:gift":1,"minecraft:cooked_beef":1,"minecraft:cobbled_deepslate":3,"minecraft:iron_leggings":1,"minecraft:cooked_mutton":6,"farmersdelight:iron_knife":1,"minecraft:stone_pickaxe":72,"minecraft:oak_planks":26,"farmersdelight:golden_knife":20,"minecraft:cactus":85,"minecraft:wooden_pickaxe":6,"minecraft:sandstone":2,"minecraft:stonecutter":1,"minecraft:sugar_cane":145,"minecraft:sand":257,"minecraft:crafting_table":6,"minecraft:smoker":1,"minecraft:oak_log":11,"tombstone:bag_of_seeds":1,"minecraft:apple":4,"minecraft:melon_slice":59,"minecraft:bread":38,"minecraft:iron_pickaxe":59,"travelersbackpack:white_sleeping_bag":4,"minecraft:stone_axe":122,"minecraft:diamond_sword":20,"minecraft:cooked_porkchop":2,"minecraft:jungle_door":2,"minecraft:experience_bottle":2},"minecraft:killed_by":{"minecraft:creeper":2},"minecraft:killed":{"mowziesmobs:umvuthi":1,"minecraft:spider":17,"minecraft:skeleton":16,"mowziesmobs:umvuthana_crane":9,"minecraft:drowned":1,"mowziesmobs:umvuthana":13,"minecraft:husk":25,"minecraft:pig":4,"minecraft:creeper":14,"minecraft:sheep":3,"minecraft:zombie":31,"minecraft:cow":23},"minecraft:dropped":{"minecraft:wheat_seeds":17,"minecraft:stick":4,"minecraft:wooden_axe":1,"tombstone:grave_dust":13,"minecraft:bone":4,"minecraft:stone_axe":1,"minecraft:wheat":1,"minecraft:spider_eye":1,"minecraft:wooden_pickaxe":1,"minecraft:egg":2},"minecraft:crafted":{"minecraft:oak_planks":108,"farmersdelight:potato_crate":9,"minecraft:furnace":1,"minecraft:cooked_mutton":6,"travelersbackpack:white_sleeping_bag":1,"minecraft:iron_boots":1,"farmersdelight:carrot_crate":8,"minecraft:stone_pickaxe":1,"minecraft:chest":3,"minecraft:cooked_beef":19,"minecraft:sugar":12,"minecraft:diamond_sword":1,"minecraft:cooked_porkchop":2,"farmersdelight:onion_crate":1,"minecraft:crafting_table":2,"farmersdelight:iron_knife":1,"minecraft:wooden_pickaxe":1,"minecraft:stone_axe":1,"minecraft:bread":3,"minecraft:air":0,"minecraft:iron_chestplate":2,"minecraft:diamond_pickaxe":1,"minecraft:shield":1,"minecraft:stick":24,"minecraft:iron_ingot":41,"minecraft:iron_pickaxe":1,"minecraft:iron_leggings":1,"minecraft:wooden_axe":1,"minecraft:stone_sword":1,"minecraft:iron_shovel":3,"minecraft:gold_ingot":3,"minecraft:torch":20},"minecraft:custom":{"minecraft:interact_with_smithing_table":1,"minecraft:mob_kills":159,"minecraft:interact_with_crafting_table":31,"minecraft:open_barrel":7,"minecraft:damage_dealt_resisted":66,"minecraft:leave_game":6,"minecraft:time_since_death":87404,"minecraft:climb_one_cm":16683,"minecraft:sprint_one_cm":619681,"minecraft:walk_one_cm":375578,"minecraft:damage_blocked_by_shield":1895,"minecraft:drop":26,"minecraft:talked_to_villager":12,"minecraft:play_time":272422,"minecraft:deaths":2,"minecraft:sneak_time":1232,"minecraft:walk_under_water_one_cm":7034,"minecraft:jump":4558,"minecraft:walk_on_water_one_cm":36825,"minecraft:total_world_time":272422,"minecraft:interact_with_furnace":28,"minecraft:sleep_in_bed":6,"minecraft:time_since_rest":24,"minecraft:damage_taken":3560,"minecraft:damage_dealt":26475,"minecraft:swim_one_cm":98519,"minecraft:fly_one_cm":1059495,"minecraft:open_chest":204,"minecraft:crouch_one_cm":3158,"tombstone:undead_killed":73,"minecraft:interact_with_smoker":8,"minecraft:fall_one_cm":140478},"minecraft:picked_up":{"minecraft:cocoa_beans":15,"minecraft:crafting_table":4,"minecraft:allium":1,"minecraft:wheat":17,"minecraft:flower_pot":3,"minecraft:string":9,"minecraft:iron_axe":1,"minecraft:blue_orchid":1,"minecraft:cobbled_deepslate":3,"minecraft:beef":48,"minecraft:iron_pickaxe":1,"minecraft:melon_slice":294,"minecraft:sugar_cane":199,"minecraft:egg":9,"minecraft:furnace":1,"minecraft:sandstone":2,"minecraft:golden_helmet":1,"minecraft:raw_iron":32,"minecraft:stick":11,"minecraft:jungle_door":2,"mowziesmobs:sol_visage":1,"minecraft:torch":12,"minecraft:porkchop":9,"farmersdelight:tomato_seeds":1,"tombstone:grave_dust":23,"minecraft:carrot":133,"minecraft:light_blue_bed":1,"mowziesmobs:umvuthana_mask_faith":3,"minecraft:cactus":46,"minecraft:arrow":18,"minecraft:rotten_flesh":54,"minecraft:hay_block":37,"minecraft:iron_block":1,"minecraft:red_tulip":1,"mowziesmobs:umvuthana_mask_bliss":4,"tombstone:essence_of_undeath":1,"minecraft:mutton":6,"minecraft:white_wool":3,"minecraft:cobblestone":22,"mowziesmobs:umvuthana_mask_fury":1,"minecraft:feather":22,"farmersdelight:rice":39,"minecraft:leather":21,"minecraft:smoker":1,"minecraft:potato":125,"minecraft:tuff":2,"minecraft:oak_log":38,"minecraft:gunpowder":10,"minecraft:dirt":40,"minecraft:bone":14,"minecraft:apple":1,"mowziesmobs:umvuthana_mask_rage":1,"minecraft:stonecutter":1,"minecraft:bow":2,"minecraft:wheat_seeds":48,"minecraft:raw_gold":3,"tombstone:bag_of_seeds":1,"minecraft:bamboo":13,"mowziesmobs:umvuthana_mask_misery":2,"minecraft:oak_planks":26,"minecraft:scaffolding":40,"minecraft:book":63,"mowziesmobs:clawed_log":1,"minecraft:cooked_porkchop":9,"minecraft:sand":768,"minecraft:spider_eye":6,"minecraft:bundle":3,"travelersbackpack:white_sleeping_bag":3,"minecraft:slime_ball":1,"tombstone:magic_scroll":2,"minecraft:oak_sapling":13,"minecraft:coal":83}},"DataVersion":3120}