{"stats":{"minecraft:broken":{"minecraft:iron_shovel":6,"minecraft:golden_boots":2,"minecraft:iron_leggings":1,"minecraft:iron_sword":1,"minecraft:iron_axe":1,"minecraft:iron_pickaxe":2},"minecraft:mined":{"create:deepslate_zinc_ore":30,"minecraft:white_bed":3,"minecraft:oak_sapling":6,"minecraft:brewing_stand":1,"minecraft:obsidian":4,"minecraft:granite":84,"minecraft:grass_block":1344,"minecraft:crimson_fungus":1,"minecraft:spawner":2,"minecraft:polished_blackstone_bricks":3,"minecraft:tall_seagrass":8,"travelersbackpack:coal":6,"minecraft:glowstone":2,"minecraft:barrel":4,"minecraft:iron_ore":52,"minecraft:cobbled_deepslate":1,"minecraft:fire":39,"minecraft:enchanting_table":1,"minecraft:pointed_dripstone":1,"minecraft:dirt_path":8,"minecraft:iron_block":3,"create:mechanical_press":1,"create:cogwheel":3,"minecraft:quartz_block":1,"minecraft:blast_furnace":1,"minecraft:poppy":3,"create:scoria":2,"minecraft:dead_bush":2,"minecraft:nether_quartz_ore":161,"minecraft:cobblestone":22,"minecraft:sugar_cane":25,"minecraft:oak_planks":45,"minecraft:seagrass":2,"minecraft:light_weighted_pressure_plate":1,"minecraft:birch_log":61,"minecraft:wheat":2,"minecraft:magenta_bed":1,"minecraft:grass":59,"minecraft:oak_log":284,"minecraft:sand":150,"minecraft:dirt":1764,"minecraft:smooth_basalt":5,"minecraft:netherrack":178,"minecraft:oak_leaves":29,"minecraft:deepslate":156,"minecraft:nether_gold_ore":18,"minecraft:tuff":3,"minecraft:deepslate_diamond_ore":42,"enchantinginfuser:enchanting_infuser":1,"farmersdelight:wild_carrots":10,"minecraft:glow_lichen":1,"create:large_cogwheel":2,"minecraft:spruce_leaves":7,"minecraft:large_fern":1,"minecraft:hay_block":41,"minecraft:furnace":2,"minecraft:andesite":12,"minecraft:gold_block":17,"minecraft:deepslate_iron_ore":58,"minecraft:stone":1554,"minecraft:bone_block":12,"minecraft:smithing_table":2,"minecraft:basalt":5,"minecraft:dandelion":1,"minecraft:oak_fence":4,"minecraft:crafting_table":5,"minecraft:emerald_ore":2,"minecraft:rose_bush":1,"minecraft:tall_grass":3,"minecraft:copper_ore":3,"minecraft:deepslate_gold_ore":75,"minecraft:diorite":5,"minecraft:air":40,"minecraft:birch_leaves":2,"minecraft:yellow_bed":2,"minecraft:coal_ore":149,"minecraft:gravel":21,"minecraft:dripstone_block":8,"minecraft:cobweb":29,"minecraft:chipped_anvil":2,"minecraft:gold_ore":1},"minecraft:dropped":{"minecraft:iron_sword":2,"minecraft:repeating_command_block":1,"minecraft:birch_planks":82,"minecraft:diamond_axe":1,"minecraft:oak_log":37,"minecraft:baked_potato":1,"minecraft:crafting_table":2,"minecraft:cooked_porkchop":3,"farmersdelight:rice":3,"minecraft:flint":8,"minecraft:light_weighted_pressure_plate":1,"minecraft:dirt":852,"tombstone:bag_of_seeds":2,"minecraft:bone_meal":6,"minecraft:polished_blackstone_bricks":2,"minecraft:sugar":7,"minecraft:bone":6,"minecraft:oak_door":3,"minecraft:gravel":1,"minecraft:stone_axe":53,"minecraft:iron_nugget":13,"minecraft:golden_chestplate":2,"minecraft:cobbled_deepslate":45,"minecraft:wheat":1,"minecraft:birch_sapling":34,"minecraft:pointed_dripstone":1,"minecraft:beetroot":3,"minecraft:rotten_flesh":52,"minecraft:oak_planks":4,"minecraft:fern":1,"minecraft:diamond_shovel":2,"minecraft:blaze_powder":2,"minecraft:chainmail_chestplate":16,"minecraft:poppy":2,"minecraft:gunpowder":12,"minecraft:beetroot_seeds":7,"minecraft:chainmail_boots":13,"minecraft:arrow":54,"minecraft:chain_command_block":1,"thehammermod:hammer_iron":2,"minecraft:netherrack":9,"minecraft:water_bucket":1,"minecraft:stone_hoe":14,"minecraft:iron_ingot":8,"minecraft:bread":51,"wandering_bags:chime_of_bewail":1,"minecraft:wheat_seeds":1033,"minecraft:golden_horse_armor":1,"minecraft:dripstone_block":6,"minecraft:diamond_leggings":1,"minecraft:cobblestone":96,"minecraft:amethyst_block":1,"minecraft:granite":1,"minecraft:grass_block":200,"minecraft:coal":77,"minecraft:stick":52,"minecraft:diamond_horse_armor":2,"farmersdelight:golden_knife":1,"minecraft:diorite":7,"tombstone:grave_key":1,"minecraft:wooden_axe":1,"minecraft:diamond_helmet":1,"tombstone:grave_dust":8,"minecraft:iron_axe":1,"minecraft:iron_shovel":3,"minecraft:string":10,"minecraft:tripwire_hook":1,"create:raw_zinc":1,"artifacts:bunny_hoppers":1,"minecraft:redstone_block":1,"minecraft:dandelion":1,"minecraft:furnace":1,"create:shaft":1,"minecraft:stone_sword":2,"minecraft:raw_copper":25,"farmersdelight:cabbage_seeds":1,"minecraft:stone_shovel":4,"minecraft:iron_boots":17,"minecraft:smoker":1,"minecraft:stone":1,"minecraft:shield":16,"wandering_bags:whip_of_dominance":1,"minecraft:bundle":1,"minecraft:diamond_pickaxe":4,"minecraft:iron_chestplate":1,"minecraft:andesite":7,"minecraft:oak_sapling":70,"create:hand_crank":1,"minecraft:spider_eye":5,"minecraft:diamond_boots":2,"minecraft:bow":1,"minecraft:stone_pickaxe":2,"minecraft:wooden_pickaxe":2,"minecraft:magma_block":1},"minecraft:killed":{"minecraft:cave_spider":4,"minecraft:witch":4,"minecraft:spider":17,"minecraft:skeleton":29,"minecraft:chicken":1,"minecraft:piglin_brute":5,"artifacts:mimic":1,"minecraft:magma_cube":10,"minecraft:piglin":18,"minecraft:creeper":15,"minecraft:sheep":2,"minecraft:zombie":78,"minecraft:ghast":3,"minecraft:cow":5,"minecraft:blaze":1,"minecraft:slime":3,"minecraft:phantom":2,"mowziesmobs:ferrous_wroughtnaut":1,"minecraft:drowned":4,"goblintraders:goblin_trader":1,"minecraft:hoglin":2,"minecraft:squid":2,"minecraft:wither_skeleton":7,"minecraft:enderman":3},"minecraft:killed_by":{"minecraft:piglin_brute":1,"minecraft:creeper":4,"minecraft:piglin":1,"minecraft:zombie":7,"minecraft:player":2,"minecraft:spider":2,"minecraft:enderman":1,"minecraft:iron_golem":3,"mowziesmobs:ferrous_wroughtnaut":4,"minecraft:hoglin":2,"minecraft:skeleton":1},"minecraft:crafted":{"minecraft:oak_planks":1220,"travelersbackpack:crafting_upgrade":1,"minecraft:diamond_shovel":8,"minecraft:quartz_block":39,"minecraft:glass":64,"minecraft:diamond_helmet":5,"minecraft:bow":11,"minecraft:diamond_leggings":4,"minecraft:iron_boots":17,"minecraft:chest":14,"minecraft:stone_hoe":13,"minecraft:golden_boots":1,"travelersbackpack:coal":1,"travelersbackpack:iron_tier_upgrade":1,"minecraft:arrow":320,"minecraft:emerald":511,"enchantinginfuser:enchanting_infuser":1,"minecraft:diamond_axe":3,"minecraft:crafting_table":9,"minecraft:spruce_planks":16,"travelersbackpack:standard":5,"minecraft:wooden_pickaxe":2,"minecraft:baked_potato":12,"minecraft:iron_helmet":1,"minecraft:chainmail_chestplate":11,"minecraft:smithing_table":2,"minecraft:gold_block":12,"minecraft:birch_planks":244,"minecraft:iron_chestplate":1,"minecraft:book":5,"minecraft:paper":21,"minecraft:diamond_pickaxe":9,"minecraft:shield":13,"minecraft:stick":1008,"minecraft:iron_ingot":134,"minecraft:iron_pickaxe":5,"minecraft:iron_block":20,"minecraft:gold_ingot":131,"minecraft:shears":1,"minecraft:oak_door":3,"minecraft:stone_shovel":2,"minecraft:tripwire_hook":120,"minecraft:experience_bottle":17,"minecraft:furnace":3,"minecraft:bone_meal":150,"travelersbackpack:blank_upgrade":4,"travelersbackpack:gold_tier_upgrade":1,"minecraft:flint_and_steel":1,"travelersbackpack:white_sleeping_bag":1,"minecraft:iron_axe":6,"minecraft:stone_pickaxe":2,"minecraft:diamond_boots":6,"travelersbackpack:diamond_tier_upgrade":1,"minecraft:wheat":369,"minecraft:cooked_beef":2,"minecraft:crossbow":4,"minecraft:enchanting_table":1,"travelersbackpack:backpack_tank":4,"minecraft:iron_sword":1,"minecraft:stone_axe":40,"minecraft:bread":272,"minecraft:air":0,"minecraft:chainmail_boots":12,"minecraft:wooden_axe":1,"minecraft:iron_shovel":6,"minecraft:iron_leggings":2,"minecraft:anvil":1,"minecraft:torch":20,"minecraft:diamond_chestplate":1},"minecraft:custom":{"minecraft:interact_with_crafting_table":92,"minecraft:open_barrel":7,"goblintraders:trade_with_goblin":56,"minecraft:leave_game":28,"minecraft:time_since_death":18808,"minecraft:sprint_one_cm":829334,"minecraft:drop":396,"minecraft:talked_to_villager":369,"minecraft:play_time":1225774,"minecraft:deaths":32,"minecraft:jump":14236,"minecraft:walk_on_water_one_cm":64238,"minecraft:interact_with_furnace":66,"minecraft:traded_with_villager":692,"minecraft:interact_with_cartography_table":3,"minecraft:sleep_in_bed":16,"minecraft:damage_dealt":34700,"minecraft:player_kills":1,"minecraft:crouch_one_cm":131328,"tombstone:undead_killed":120,"minecraft:interact_with_smoker":3,"minecraft:horse_one_cm":165987,"minecraft:interact_with_smithing_table":13,"minecraft:interact_with_anvil":10,"minecraft:mob_kills":251,"minecraft:climb_one_cm":11315,"minecraft:walk_one_cm":1660889,"minecraft:strider_one_cm":62128,"minecraft:sneak_time":26314,"minecraft:walk_under_water_one_cm":44840,"minecraft:interact_with_blast_furnace":3,"minecraft:total_world_time":1243376,"tombstone:raider_killed":7,"minecraft:interact_with_grindstone":1,"minecraft:time_since_rest":18653,"minecraft:damage_taken":17149,"minecraft:damage_absorbed":40,"minecraft:swim_one_cm":66264,"minecraft:fly_one_cm":5684124,"minecraft:open_chest":322,"minecraft:fall_one_cm":1233149},"minecraft:picked_up":{"minecraft:wheat":398,"minecraft:redstone_block":1,"minecraft:chainmail_boots":1,"minecraft:smithing_table":2,"artifacts:bunny_hoppers":1,"minecraft:brewing_stand":1,"minecraft:golden_sword":2,"minecraft:string":47,"minecraft:raw_copper":25,"minecraft:experience_bottle":4,"minecraft:beetroot":3,"create:mechanical_press":1,"minecraft:gold_nugget":75,"minecraft:cobbled_deepslate":119,"minecraft:light_weighted_pressure_plate":1,"minecraft:furnace":3,"minecraft:iron_boots":1,"minecraft:stick":141,"minecraft:oak_fence":2,"minecraft:torch":1,"minecraft:pointed_dripstone":2,"tombstone:grave_dust":11,"minecraft:diorite":9,"minecraft:golden_chestplate":2,"wandering_bags:piglin_bag":2,"create:large_cogwheel":2,"minecraft:quartz_block":1,"minecraft:stone_sword":2,"minecraft:rotten_flesh":78,"create:scoria":2,"minecraft:iron_block":3,"minecraft:obsidian":4,"minecraft:blaze_powder":2,"minecraft:cobblestone":1206,"minecraft:enchanting_table":1,"minecraft:birch_log":61,"minecraft:magma_block":1,"minecraft:cooked_beef":18,"minecraft:andesite":12,"minecraft:smoker":1,"minecraft:potato":27,"minecraft:flint":1,"create:raw_zinc":65,"minecraft:magenta_bed":1,"minecraft:dirt":2696,"minecraft:lantern":1,"minecraft:bone":21,"minecraft:chipped_anvil":2,"minecraft:bow":1,"minecraft:wheat_seeds":1185,"minecraft:raw_gold":83,"minecraft:glowstone_dust":4,"minecraft:stone_hoe":1,"minecraft:oak_planks":34,"wandering_bags:chime_of_bewail":1,"minecraft:ghast_tear":2,"minecraft:cooked_porkchop":9,"create:cogwheel":1,"minecraft:sand":119,"minecraft:ink_sac":2,"minecraft:grass_block":202,"minecraft:barrel":4,"minecraft:bundle":2,"minecraft:diamond":48,"enchantinginfuser:enchanting_infuser":1,"minecraft:granite":84,"minecraft:emerald":2,"minecraft:bread":10,"minecraft:oak_sapling":161,"minecraft:netherrack":174,"wandering_bags:whip_of_dominance":1,"minecraft:diamond_pickaxe":2,"minecraft:crafting_table":6,"minecraft:gold_block":17,"minecraft:shield":5,"minecraft:item_frame":1,"minecraft:iron_shovel":3,"artifacts:fire_gauntlet":1,"minecraft:beef":2,"minecraft:iron_nugget":2,"minecraft:poppy":25,"minecraft:sugar_cane":55,"farmersdelight:golden_knife":1,"minecraft:birch_sapling":40,"minecraft:phantom_membrane":1,"minecraft:egg":5,"minecraft:raw_iron":110,"minecraft:stone":1,"minecraft:oak_door":2,"minecraft:polished_blackstone_bricks":3,"create:hand_crank":3,"minecraft:carrot":69,"thehammermod:hammer_iron":2,"minecraft:arrow":24,"minecraft:repeating_command_block":1,"minecraft:stone_shovel":2,"minecraft:beetroot_seeds":7,"minecraft:hay_block":41,"minecraft:gold_ingot":3,"minecraft:bone_block":12,"minecraft:white_wool":3,"minecraft:basalt":5,"minecraft:glow_ink_sac":3,"minecraft:tripwire_hook":1,"minecraft:leather":15,"minecraft:birch_planks":52,"minecraft:crimson_fungus":1,"minecraft:oak_log":366,"minecraft:chainmail_chestplate":6,"minecraft:golden_boots":1,"minecraft:yellow_bed":2,"minecraft:gunpowder":10,"minecraft:apple":24,"minecraft:stone_bricks":1,"minecraft:iron_ingot":32,"travelersbackpack:coal":6,"tombstone:bag_of_seeds":2,"minecraft:glass_bottle":2,"minecraft:iron_sword":3,"minecraft:chain_command_block":1,"minecraft:smooth_basalt":5,"minecraft:chiseled_stone_bricks":1,"minecraft:quartz":159,"minecraft:dandelion":1,"minecraft:dripstone_block":6,"minecraft:gravel":20,"minecraft:amethyst_shard":4,"mowziesmobs:wrought_helmet":1,"minecraft:blast_furnace":1,"minecraft:white_bed":3,"minecraft:spider_eye":4,"minecraft:diamond_shovel":2,"minecraft:slime_ball":1,"minecraft:stone_axe":19,"wandering_bags:witch_bag":3,"tombstone:magic_scroll":3,"minecraft:baked_potato":2,"minecraft:coal":249,"minecraft:ender_pearl":2},"minecraft:used":{"minecraft:iron_shovel":1652,"minecraft:poppy":1,"minecraft:chest":12,"minecraft:iron_sword":598,"minecraft:stone":97,"minecraft:rotten_flesh":2,"create:cogwheel":51,"minecraft:obsidian":3,"minecraft:lantern":1,"minecraft:birch_sapling":1,"minecraft:quartz_block":40,"create:scoria":2,"minecraft:stone_bricks":1,"minecraft:item_frame":1,"minecraft:golden_sword":16,"minecraft:bow":216,"create:shaft":7,"minecraft:oak_sapling":45,"minecraft:furnace":4,"minecraft:egg":8,"minecraft:golden_boots":2,"minecraft:diorite":2,"minecraft:diamond_boots":1,"create:crushing_wheel":14,"minecraft:stone_pickaxe":216,"minecraft:oak_planks":760,"minecraft:ender_pearl":1,"minecraft:wooden_pickaxe":10,"minecraft:redstone_block":40,"minecraft:golden_apple":2,"minecraft:crossbow":2,"minecraft:bread":137,"create:potato_cannon":1,"minecraft:gravel":25,"minecraft:smithing_table":3,"minecraft:andesite":5,"minecraft:bone_meal":126,"create:large_cogwheel":11,"minecraft:experience_bottle":21,"minecraft:oak_fence":2,"minecraft:enchanting_table":1,"minecraft:flint_and_steel":16,"minecraft:spruce_planks":2,"minecraft:stone_hoe":90,"minecraft:netherrack":77,"minecraft:oak_door":2,"minecraft:torch":3,"minecraft:dirt":1526,"minecraft:anvil":1,"minecraft:granite":12,"minecraft:wooden_axe":55,"minecraft:chipped_anvil":1,"minecraft:light_weighted_pressure_plate":1,"minecraft:iron_axe":517,"minecraft:iron_boots":1,"minecraft:smooth_basalt":5,"minecraft:basalt":28,"tombstone:gift":3,"minecraft:cooked_beef":12,"minecraft:cobbled_deepslate":76,"minecraft:pointed_dripstone":1,"minecraft:iron_leggings":2,"create:wand_of_symmetry":7,"minecraft:wheat_seeds":69,"minecraft:water_bucket":2,"tombstone:scroll_of_knowledge":1,"minecraft:lodestone":1,"minecraft:birch_planks":12,"minecraft:baked_potato":6,"farmersdelight:golden_knife":18,"travelersbackpack:coal":6,"minecraft:polished_blackstone_bricks":1,"minecraft:crafting_table":9,"minecraft:white_bed":4,"wandering_bags:whip_of_dominance":36,"wandering_bags:chalice_of_swine":3,"minecraft:diamond_pickaxe":2027,"minecraft:apple":21,"minecraft:diamond_shovel":1520,"create:mechanical_press":2,"minecraft:command_block":3,"minecraft:iron_pickaxe":482,"tombstone:magic_scroll":2,"create:large_water_wheel":14,"minecraft:stone_axe":2,"enchantinginfuser:enchanting_infuser":2,"minecraft:chiseled_stone_bricks":1,"minecraft:cobblestone":199,"minecraft:cooked_porkchop":3,"minecraft:chain_command_block":34,"minecraft:repeating_command_block":14,"minecraft:pumpkin_pie":1,"minecraft:yellow_bed":2,"create:hand_crank":8}},"DataVersion":3120}