{"stats":{"minecraft:broken":{"minecraft:iron_shovel":6,"minecraft:golden_boots":1,"minecraft:iron_leggings":1,"minecraft:iron_sword":1,"minecraft:iron_axe":1,"minecraft:iron_pickaxe":2},"minecraft:mined":{"minecraft:white_bed":3,"minecraft:oak_sapling":6,"minecraft:obsidian":4,"minecraft:granite":13,"minecraft:grass_block":1153,"minecraft:spawner":2,"minecraft:tall_seagrass":4,"minecraft:iron_ore":52,"minecraft:cobbled_deepslate":1,"minecraft:fire":31,"minecraft:pointed_dripstone":1,"minecraft:dirt_path":8,"minecraft:iron_block":3,"create:mechanical_press":1,"create:cogwheel":3,"minecraft:quartz_block":1,"minecraft:dead_bush":2,"minecraft:nether_quartz_ore":161,"minecraft:cobblestone":1,"minecraft:sugar_cane":19,"minecraft:oak_planks":45,"minecraft:seagrass":1,"minecraft:light_weighted_pressure_plate":1,"minecraft:birch_log":61,"minecraft:wheat":1,"minecraft:magenta_bed":1,"minecraft:grass":51,"minecraft:oak_log":284,"minecraft:sand":150,"minecraft:dirt":1293,"minecraft:smooth_basalt":5,"minecraft:netherrack":142,"minecraft:oak_leaves":28,"minecraft:deepslate":138,"minecraft:nether_gold_ore":18,"minecraft:tuff":3,"minecraft:deepslate_diamond_ore":38,"farmersdelight:wild_carrots":10,"create:large_cogwheel":2,"minecraft:spruce_leaves":7,"minecraft:large_fern":1,"minecraft:hay_block":41,"minecraft:furnace":2,"minecraft:andesite":12,"minecraft:gold_block":1,"minecraft:deepslate_iron_ore":58,"minecraft:stone":225,"minecraft:bone_block":12,"minecraft:smithing_table":1,"minecraft:basalt":5,"minecraft:dandelion":1,"minecraft:oak_fence":4,"minecraft:crafting_table":5,"minecraft:emerald_ore":2,"minecraft:tall_grass":1,"minecraft:deepslate_gold_ore":72,"minecraft:diorite":5,"minecraft:air":40,"minecraft:birch_leaves":2,"minecraft:yellow_bed":2,"minecraft:coal_ore":139,"minecraft:gravel":21,"minecraft:dripstone_block":3,"minecraft:cobweb":29,"minecraft:chipped_anvil":2,"minecraft:gold_ore":1},"minecraft:dropped":{"minecraft:iron_sword":1,"minecraft:repeating_command_block":1,"minecraft:birch_planks":82,"minecraft:oak_log":37,"minecraft:crafting_table":2,"farmersdelight:rice":3,"minecraft:flint":8,"minecraft:light_weighted_pressure_plate":1,"minecraft:dirt":545,"minecraft:bone_meal":6,"minecraft:bone":6,"minecraft:oak_door":3,"minecraft:gravel":1,"minecraft:stone_axe":53,"minecraft:iron_nugget":13,"minecraft:cobbled_deepslate":27,"minecraft:birch_sapling":22,"minecraft:pointed_dripstone":1,"minecraft:beetroot":3,"minecraft:rotten_flesh":34,"minecraft:oak_planks":4,"minecraft:fern":1,"minecraft:diamond_shovel":2,"minecraft:blaze_powder":2,"minecraft:chainmail_chestplate":16,"minecraft:poppy":2,"minecraft:gunpowder":7,"minecraft:beetroot_seeds":7,"minecraft:chainmail_boots":13,"minecraft:chain_command_block":1,"thehammermod:hammer_iron":2,"minecraft:netherrack":6,"minecraft:water_bucket":1,"minecraft:stone_hoe":14,"minecraft:iron_ingot":8,"minecraft:bread":51,"wandering_bags:chime_of_bewail":1,"minecraft:wheat_seeds":882,"minecraft:golden_horse_armor":1,"minecraft:cobblestone":32,"minecraft:amethyst_block":1,"minecraft:granite":1,"minecraft:grass_block":200,"minecraft:coal":71,"minecraft:stick":52,"minecraft:diamond_horse_armor":2,"farmersdelight:golden_knife":1,"minecraft:diorite":7,"tombstone:grave_key":1,"minecraft:wooden_axe":1,"tombstone:grave_dust":4,"minecraft:iron_shovel":3,"minecraft:string":8,"minecraft:tripwire_hook":1,"artifacts:bunny_hoppers":1,"minecraft:redstone_block":1,"minecraft:furnace":1,"create:shaft":1,"minecraft:stone_sword":2,"farmersdelight:cabbage_seeds":1,"minecraft:stone_shovel":4,"minecraft:iron_boots":17,"minecraft:smoker":1,"minecraft:stone":1,"minecraft:shield":16,"minecraft:diamond_pickaxe":4,"minecraft:iron_chestplate":1,"minecraft:andesite":7,"minecraft:oak_sapling":66,"create:hand_crank":1,"minecraft:diamond_boots":1,"minecraft:stone_pickaxe":2,"minecraft:wooden_pickaxe":2},"minecraft:killed":{"minecraft:cave_spider":4,"minecraft:witch":4,"minecraft:spider":11,"minecraft:skeleton":26,"minecraft:chicken":1,"artifacts:mimic":1,"minecraft:magma_cube":10,"minecraft:creeper":11,"minecraft:sheep":2,"minecraft:zombie":52,"minecraft:ghast":2,"minecraft:cow":5,"minecraft:blaze":1,"minecraft:slime":3,"mowziesmobs:ferrous_wroughtnaut":1,"minecraft:drowned":2,"goblintraders:goblin_trader":1,"minecraft:wither_skeleton":7,"minecraft:enderman":2},"minecraft:killed_by":{"minecraft:creeper":1,"minecraft:zombie":6,"minecraft:player":1,"minecraft:spider":2,"minecraft:enderman":1,"mowziesmobs:ferrous_wroughtnaut":4,"minecraft:skeleton":1},"minecraft:crafted":{"minecraft:oak_planks":1208,"travelersbackpack:crafting_upgrade":1,"minecraft:diamond_shovel":8,"minecraft:quartz_block":39,"minecraft:glass":64,"minecraft:diamond_helmet":5,"minecraft:bow":7,"minecraft:diamond_leggings":3,"minecraft:iron_boots":17,"minecraft:chest":5,"minecraft:stone_hoe":13,"minecraft:golden_boots":1,"travelersbackpack:coal":1,"travelersbackpack:iron_tier_upgrade":1,"minecraft:arrow":320,"minecraft:emerald":331,"minecraft:diamond_axe":3,"minecraft:crafting_table":9,"minecraft:spruce_planks":16,"travelersbackpack:standard":5,"minecraft:wooden_pickaxe":2,"minecraft:baked_potato":12,"minecraft:iron_helmet":1,"minecraft:chainmail_chestplate":11,"minecraft:smithing_table":2,"minecraft:gold_block":12,"minecraft:birch_planks":244,"minecraft:iron_chestplate":1,"minecraft:book":1,"minecraft:paper":3,"minecraft:diamond_pickaxe":7,"minecraft:shield":13,"minecraft:stick":1008,"minecraft:iron_ingot":134,"minecraft:iron_pickaxe":5,"minecraft:iron_block":20,"minecraft:gold_ingot":116,"minecraft:shears":1,"minecraft:oak_door":3,"minecraft:stone_shovel":2,"minecraft:tripwire_hook":120,"minecraft:furnace":3,"minecraft:bone_meal":132,"travelersbackpack:blank_upgrade":4,"travelersbackpack:gold_tier_upgrade":1,"minecraft:flint_and_steel":1,"travelersbackpack:white_sleeping_bag":1,"minecraft:iron_axe":6,"minecraft:stone_pickaxe":2,"minecraft:diamond_boots":6,"travelersbackpack:diamond_tier_upgrade":1,"minecraft:wheat":369,"minecraft:cooked_beef":2,"minecraft:crossbow":1,"minecraft:enchanting_table":1,"travelersbackpack:backpack_tank":4,"minecraft:iron_sword":1,"minecraft:stone_axe":40,"minecraft:bread":251,"minecraft:air":0,"minecraft:chainmail_boots":12,"minecraft:wooden_axe":1,"minecraft:iron_shovel":6,"minecraft:iron_leggings":2,"minecraft:anvil":1,"minecraft:torch":20,"minecraft:diamond_chestplate":1},"minecraft:custom":{"minecraft:interact_with_crafting_table":88,"minecraft:open_barrel":3,"goblintraders:trade_with_goblin":34,"minecraft:leave_game":23,"minecraft:time_since_death":182496,"minecraft:sprint_one_cm":621475,"minecraft:drop":338,"minecraft:talked_to_villager":299,"minecraft:play_time":1003762,"minecraft:deaths":18,"minecraft:jump":10712,"minecraft:walk_on_water_one_cm":53672,"minecraft:interact_with_furnace":63,"minecraft:traded_with_villager":502,"minecraft:interact_with_cartography_table":3,"minecraft:sleep_in_bed":14,"minecraft:damage_dealt":24347,"minecraft:player_kills":1,"minecraft:crouch_one_cm":91268,"tombstone:undead_killed":87,"minecraft:interact_with_smoker":3,"minecraft:interact_with_smithing_table":12,"minecraft:mob_kills":161,"minecraft:interact_with_anvil":7,"minecraft:climb_one_cm":11193,"minecraft:walk_one_cm":1190592,"minecraft:sneak_time":18139,"minecraft:walk_under_water_one_cm":35322,"minecraft:interact_with_blast_furnace":2,"minecraft:total_world_time":1021364,"tombstone:raider_killed":4,"minecraft:interact_with_grindstone":1,"minecraft:time_since_rest":97355,"minecraft:damage_taken":11845,"minecraft:damage_absorbed":40,"minecraft:swim_one_cm":56474,"minecraft:fly_one_cm":4179638,"minecraft:open_chest":246,"minecraft:fall_one_cm":935568},"minecraft:picked_up":{"minecraft:wheat":346,"minecraft:redstone_block":1,"minecraft:chainmail_boots":1,"artifacts:bunny_hoppers":1,"minecraft:smithing_table":1,"minecraft:string":45,"minecraft:experience_bottle":4,"minecraft:beetroot":3,"create:mechanical_press":1,"minecraft:gold_nugget":75,"minecraft:cobbled_deepslate":103,"minecraft:light_weighted_pressure_plate":1,"minecraft:furnace":3,"minecraft:iron_boots":1,"minecraft:stick":139,"minecraft:oak_fence":2,"minecraft:torch":1,"minecraft:pointed_dripstone":2,"tombstone:grave_dust":7,"minecraft:diorite":9,"create:large_cogwheel":2,"minecraft:quartz_block":1,"minecraft:stone_sword":2,"minecraft:rotten_flesh":51,"minecraft:iron_block":3,"minecraft:obsidian":4,"minecraft:blaze_powder":2,"minecraft:cobblestone":205,"minecraft:birch_log":61,"minecraft:cooked_beef":18,"minecraft:andesite":12,"minecraft:smoker":1,"minecraft:potato":27,"minecraft:flint":1,"minecraft:magenta_bed":1,"minecraft:dirt":1785,"minecraft:lantern":1,"minecraft:bone":21,"minecraft:chipped_anvil":2,"minecraft:bow":1,"minecraft:wheat_seeds":1034,"minecraft:raw_gold":73,"minecraft:glowstone_dust":4,"minecraft:stone_hoe":1,"minecraft:oak_planks":34,"wandering_bags:chime_of_bewail":1,"minecraft:ghast_tear":2,"create:cogwheel":1,"minecraft:sand":119,"minecraft:grass_block":201,"minecraft:bundle":1,"minecraft:diamond":40,"minecraft:granite":13,"minecraft:emerald":1,"minecraft:bread":10,"minecraft:oak_sapling":156,"minecraft:netherrack":117,"minecraft:diamond_pickaxe":2,"minecraft:crafting_table":6,"minecraft:gold_block":1,"minecraft:shield":5,"minecraft:item_frame":1,"minecraft:iron_shovel":3,"artifacts:fire_gauntlet":1,"minecraft:beef":2,"minecraft:iron_nugget":2,"minecraft:poppy":19,"minecraft:sugar_cane":43,"farmersdelight:golden_knife":1,"minecraft:birch_sapling":28,"minecraft:egg":5,"minecraft:raw_iron":110,"minecraft:stone":1,"minecraft:oak_door":2,"create:hand_crank":3,"minecraft:carrot":62,"thehammermod:hammer_iron":2,"minecraft:arrow":24,"minecraft:repeating_command_block":1,"minecraft:stone_shovel":2,"minecraft:beetroot_seeds":7,"minecraft:hay_block":41,"minecraft:gold_ingot":3,"minecraft:bone_block":12,"minecraft:white_wool":3,"minecraft:basalt":5,"minecraft:tripwire_hook":1,"minecraft:leather":13,"minecraft:birch_planks":52,"minecraft:oak_log":363,"minecraft:chainmail_chestplate":6,"minecraft:yellow_bed":2,"minecraft:gunpowder":6,"minecraft:apple":24,"minecraft:stone_bricks":1,"minecraft:iron_ingot":16,"minecraft:glass_bottle":2,"minecraft:iron_sword":2,"minecraft:chain_command_block":1,"minecraft:smooth_basalt":5,"minecraft:quartz":159,"minecraft:dandelion":1,"minecraft:gravel":20,"minecraft:amethyst_shard":4,"mowziesmobs:wrought_helmet":1,"minecraft:white_bed":3,"minecraft:diamond_shovel":2,"minecraft:slime_ball":1,"minecraft:stone_axe":19,"wandering_bags:witch_bag":3,"tombstone:magic_scroll":2,"minecraft:coal":238,"minecraft:ender_pearl":1},"minecraft:used":{"minecraft:iron_shovel":1652,"minecraft:poppy":1,"minecraft:chest":3,"minecraft:stone":97,"minecraft:iron_sword":416,"minecraft:rotten_flesh":2,"create:cogwheel":51,"minecraft:obsidian":3,"minecraft:lantern":1,"minecraft:birch_sapling":1,"minecraft:quartz_block":40,"minecraft:stone_bricks":1,"minecraft:item_frame":1,"minecraft:golden_sword":10,"minecraft:bow":115,"create:shaft":7,"minecraft:oak_sapling":44,"minecraft:furnace":4,"minecraft:egg":8,"minecraft:golden_boots":2,"minecraft:diorite":2,"minecraft:diamond_boots":1,"create:crushing_wheel":14,"minecraft:stone_pickaxe":216,"minecraft:oak_planks":760,"minecraft:ender_pearl":1,"minecraft:wooden_pickaxe":10,"minecraft:redstone_block":40,"minecraft:golden_apple":2,"minecraft:crossbow":2,"minecraft:bread":110,"create:potato_cannon":1,"minecraft:gravel":25,"minecraft:smithing_table":3,"minecraft:andesite":5,"minecraft:bone_meal":126,"create:large_cogwheel":11,"minecraft:experience_bottle":4,"minecraft:oak_fence":2,"minecraft:enchanting_table":1,"minecraft:flint_and_steel":10,"minecraft:spruce_planks":2,"minecraft:stone_hoe":90,"minecraft:netherrack":59,"minecraft:oak_door":2,"minecraft:torch":3,"minecraft:dirt":1074,"minecraft:anvil":1,"minecraft:granite":12,"minecraft:wooden_axe":55,"minecraft:chipped_anvil":1,"minecraft:light_weighted_pressure_plate":1,"minecraft:iron_axe":509,"minecraft:iron_boots":1,"minecraft:smooth_basalt":5,"minecraft:basalt":28,"tombstone:gift":3,"minecraft:cooked_beef":12,"minecraft:cobbled_deepslate":76,"minecraft:pointed_dripstone":1,"minecraft:iron_leggings":2,"create:wand_of_symmetry":7,"minecraft:wheat_seeds":69,"minecraft:water_bucket":2,"tombstone:scroll_of_knowledge":1,"minecraft:birch_planks":12,"farmersdelight:golden_knife":18,"travelersbackpack:coal":1,"minecraft:crafting_table":9,"minecraft:white_bed":4,"minecraft:diamond_pickaxe":454,"minecraft:apple":21,"minecraft:diamond_shovel":861,"create:mechanical_press":2,"minecraft:command_block":3,"minecraft:iron_pickaxe":482,"tombstone:magic_scroll":2,"create:large_water_wheel":14,"minecraft:stone_axe":2,"minecraft:cobblestone":81,"minecraft:chain_command_block":34,"minecraft:repeating_command_block":14,"minecraft:pumpkin_pie":1,"minecraft:yellow_bed":2,"create:hand_crank":8}},"DataVersion":3120}