{"stats":{"minecraft:broken":{"minecraft:iron_shovel":6,"minecraft:golden_boots":1,"minecraft:iron_leggings":1,"minecraft:iron_axe":1,"minecraft:iron_sword":1,"minecraft:iron_pickaxe":2},"minecraft:mined":{"minecraft:tuff":3,"minecraft:white_bed":3,"minecraft:oak_sapling":6,"minecraft:deepslate_diamond_ore":38,"farmersdelight:wild_carrots":10,"minecraft:obsidian":4,"minecraft:granite":13,"minecraft:grass_block":1122,"minecraft:spruce_leaves":7,"minecraft:spawner":2,"minecraft:large_fern":1,"minecraft:hay_block":41,"minecraft:tall_seagrass":4,"minecraft:furnace":1,"minecraft:iron_ore":52,"minecraft:fire":9,"minecraft:cobbled_deepslate":1,"minecraft:andesite":12,"minecraft:gold_block":1,"minecraft:dirt_path":8,"minecraft:pointed_dripstone":1,"minecraft:deepslate_iron_ore":58,"minecraft:stone":204,"minecraft:iron_block":3,"minecraft:bone_block":12,"minecraft:basalt":5,"minecraft:dandelion":1,"minecraft:oak_fence":2,"minecraft:crafting_table":5,"minecraft:emerald_ore":2,"minecraft:dead_bush":2,"minecraft:nether_quartz_ore":37,"minecraft:tall_grass":1,"minecraft:cobblestone":1,"minecraft:deepslate_gold_ore":72,"minecraft:oak_planks":45,"minecraft:sugar_cane":19,"minecraft:diorite":5,"minecraft:air":40,"minecraft:seagrass":1,"minecraft:birch_log":61,"minecraft:wheat":1,"minecraft:magenta_bed":1,"minecraft:birch_leaves":2,"minecraft:grass":48,"minecraft:coal_ore":139,"minecraft:oak_log":284,"minecraft:gravel":21,"minecraft:dirt":1279,"minecraft:sand":150,"minecraft:dripstone_block":3,"minecraft:cobweb":29,"minecraft:smooth_basalt":5,"minecraft:netherrack":83,"minecraft:gold_ore":1,"minecraft:oak_leaves":28,"minecraft:deepslate":138},"minecraft:dropped":{"minecraft:stone_hoe":1,"minecraft:iron_ingot":8,"minecraft:bread":51,"wandering_bags:chime_of_bewail":1,"minecraft:birch_planks":52,"minecraft:wheat_seeds":686,"minecraft:oak_log":37,"minecraft:crafting_table":1,"minecraft:cobblestone":32,"minecraft:granite":1,"minecraft:grass_block":200,"minecraft:coal":70,"farmersdelight:rice":3,"minecraft:flint":8,"minecraft:stick":52,"minecraft:dirt":545,"farmersdelight:golden_knife":1,"minecraft:diorite":7,"tombstone:grave_key":1,"minecraft:wooden_axe":1,"tombstone:grave_dust":2,"minecraft:bone_meal":6,"minecraft:iron_shovel":3,"minecraft:string":2,"artifacts:bunny_hoppers":1,"minecraft:bone":6,"minecraft:oak_door":3,"minecraft:furnace":1,"minecraft:stone_axe":26,"minecraft:iron_nugget":13,"minecraft:stone_sword":1,"minecraft:cobbled_deepslate":27,"minecraft:birch_sapling":22,"minecraft:pointed_dripstone":1,"farmersdelight:cabbage_seeds":1,"minecraft:stone_shovel":4,"minecraft:beetroot":3,"minecraft:rotten_flesh":34,"minecraft:oak_planks":2,"minecraft:fern":1,"minecraft:smoker":1,"minecraft:diamond_shovel":2,"minecraft:blaze_powder":2,"minecraft:poppy":2,"minecraft:gunpowder":7,"minecraft:iron_chestplate":1,"minecraft:andesite":7,"minecraft:beetroot_seeds":7,"minecraft:oak_sapling":66,"minecraft:stone_pickaxe":2,"minecraft:wooden_pickaxe":2,"thehammermod:hammer_iron":2,"minecraft:netherrack":6},"minecraft:killed":{"minecraft:cave_spider":4,"minecraft:witch":3,"minecraft:spider":9,"minecraft:slime":3,"minecraft:skeleton":19,"mowziesmobs:ferrous_wroughtnaut":1,"minecraft:drowned":2,"artifacts:mimic":1,"minecraft:magma_cube":9,"minecraft:creeper":5,"minecraft:zombie":45,"minecraft:ghast":2,"minecraft:wither_skeleton":7,"minecraft:blaze":1,"minecraft:enderman":2},"minecraft:killed_by":{"minecraft:creeper":1,"minecraft:spider":2,"minecraft:enderman":1,"mowziesmobs:ferrous_wroughtnaut":4,"minecraft:zombie":6},"minecraft:crafted":{"minecraft:oak_door":3,"minecraft:oak_planks":1176,"minecraft:stone_shovel":2,"minecraft:furnace":3,"minecraft:bone_meal":132,"minecraft:diamond_shovel":2,"minecraft:flint_and_steel":1,"minecraft:bow":1,"minecraft:iron_boots":1,"minecraft:iron_axe":3,"minecraft:stone_pickaxe":2,"minecraft:chest":3,"minecraft:stone_hoe":1,"minecraft:wheat":369,"minecraft:golden_boots":1,"minecraft:cooked_beef":2,"minecraft:crossbow":1,"minecraft:emerald":37,"minecraft:arrow":144,"minecraft:crafting_table":9,"minecraft:spruce_planks":16,"minecraft:iron_helmet":1,"minecraft:wooden_pickaxe":2,"minecraft:iron_sword":1,"minecraft:gold_block":12,"minecraft:birch_planks":244,"minecraft:stone_axe":16,"minecraft:bread":235,"minecraft:air":0,"minecraft:iron_chestplate":1,"minecraft:diamond_pickaxe":4,"minecraft:shield":1,"minecraft:stick":948,"minecraft:iron_ingot":134,"minecraft:iron_pickaxe":2,"minecraft:wooden_axe":1,"minecraft:iron_block":20,"minecraft:iron_shovel":6,"minecraft:iron_leggings":2,"minecraft:gold_ingot":116,"minecraft:anvil":1,"minecraft:torch":20},"minecraft:custom":{"minecraft:interact_with_smithing_table":2,"minecraft:interact_with_anvil":3,"minecraft:mob_kills":121,"minecraft:interact_with_crafting_table":60,"minecraft:open_barrel":3,"goblintraders:trade_with_goblin":34,"minecraft:leave_game":9,"minecraft:time_since_death":141515,"minecraft:climb_one_cm":11193,"minecraft:sprint_one_cm":543878,"minecraft:walk_one_cm":974290,"minecraft:drop":201,"minecraft:talked_to_villager":77,"minecraft:play_time":769220,"minecraft:sneak_time":14853,"minecraft:deaths":16,"minecraft:walk_under_water_one_cm":27432,"minecraft:jump":9093,"minecraft:interact_with_blast_furnace":1,"minecraft:walk_on_water_one_cm":47454,"minecraft:total_world_time":786822,"minecraft:interact_with_furnace":49,"tombstone:raider_killed":3,"minecraft:traded_with_villager":71,"minecraft:interact_with_cartography_table":3,"minecraft:interact_with_grindstone":1,"minecraft:sleep_in_bed":10,"minecraft:time_since_rest":139803,"minecraft:damage_taken":10353,"minecraft:damage_absorbed":40,"minecraft:damage_dealt":22414,"minecraft:player_kills":1,"minecraft:swim_one_cm":49940,"minecraft:fly_one_cm":3434387,"minecraft:open_chest":148,"minecraft:crouch_one_cm":80578,"tombstone:undead_killed":73,"minecraft:interact_with_smoker":3,"minecraft:fall_one_cm":782427},"minecraft:picked_up":{"minecraft:crafting_table":5,"minecraft:wheat":296,"artifacts:bunny_hoppers":1,"minecraft:gold_block":1,"minecraft:string":35,"minecraft:item_frame":1,"minecraft:iron_shovel":3,"minecraft:experience_bottle":4,"artifacts:fire_gauntlet":1,"minecraft:beetroot":3,"minecraft:cobbled_deepslate":103,"minecraft:beef":2,"minecraft:iron_nugget":2,"minecraft:poppy":19,"minecraft:sugar_cane":43,"farmersdelight:golden_knife":1,"minecraft:birch_sapling":28,"minecraft:furnace":2,"minecraft:egg":5,"minecraft:raw_iron":110,"minecraft:stick":138,"minecraft:oak_door":2,"minecraft:oak_fence":2,"minecraft:pointed_dripstone":2,"tombstone:grave_dust":3,"minecraft:diorite":9,"minecraft:carrot":62,"thehammermod:hammer_iron":2,"minecraft:stone_sword":2,"minecraft:arrow":21,"minecraft:stone_shovel":2,"minecraft:rotten_flesh":51,"minecraft:beetroot_seeds":7,"minecraft:hay_block":41,"minecraft:iron_block":3,"minecraft:obsidian":4,"minecraft:bone_block":12,"minecraft:blaze_powder":2,"minecraft:cobblestone":205,"minecraft:birch_log":61,"minecraft:basalt":5,"minecraft:andesite":12,"minecraft:smoker":1,"minecraft:potato":27,"minecraft:birch_planks":52,"minecraft:flint":1,"minecraft:oak_log":363,"minecraft:magenta_bed":1,"minecraft:gunpowder":5,"minecraft:dirt":1754,"minecraft:lantern":1,"minecraft:bone":18,"minecraft:apple":21,"minecraft:stone_bricks":1,"minecraft:bow":1,"minecraft:wheat_seeds":837,"minecraft:raw_gold":73,"minecraft:iron_ingot":6,"minecraft:glowstone_dust":3,"minecraft:iron_sword":1,"minecraft:oak_planks":34,"minecraft:ghast_tear":2,"wandering_bags:chime_of_bewail":1,"minecraft:smooth_basalt":5,"minecraft:quartz":35,"minecraft:dandelion":1,"minecraft:gravel":19,"minecraft:sand":119,"mowziesmobs:wrought_helmet":1,"minecraft:white_bed":3,"minecraft:grass_block":201,"minecraft:bundle":1,"minecraft:diamond_shovel":2,"minecraft:slime_ball":1,"minecraft:diamond":38,"minecraft:stone_axe":11,"wandering_bags:witch_bag":3,"minecraft:granite":13,"minecraft:bread":10,"minecraft:emerald":1,"tombstone:magic_scroll":2,"minecraft:oak_sapling":155,"minecraft:netherrack":64,"minecraft:coal":192,"minecraft:ender_pearl":1},"minecraft:used":{"minecraft:oak_fence":2,"minecraft:iron_shovel":1652,"minecraft:flint_and_steel":1,"minecraft:poppy":1,"minecraft:chest":3,"minecraft:spruce_planks":2,"minecraft:iron_sword":371,"minecraft:rotten_flesh":2,"minecraft:stone_hoe":90,"minecraft:netherrack":18,"minecraft:oak_door":2,"minecraft:torch":2,"minecraft:dirt":1074,"minecraft:anvil":1,"minecraft:obsidian":3,"minecraft:granite":12,"minecraft:wooden_axe":55,"minecraft:lantern":1,"minecraft:light_weighted_pressure_plate":1,"minecraft:iron_axe":509,"minecraft:birch_sapling":1,"minecraft:iron_boots":1,"minecraft:smooth_basalt":5,"minecraft:stone_bricks":1,"minecraft:item_frame":1,"minecraft:golden_sword":10,"minecraft:bow":28,"minecraft:oak_sapling":44,"minecraft:furnace":3,"tombstone:gift":3,"minecraft:egg":8,"minecraft:cooked_beef":2,"minecraft:pointed_dripstone":1,"minecraft:cobbled_deepslate":76,"minecraft:iron_leggings":2,"minecraft:golden_boots":2,"minecraft:wheat_seeds":68,"tombstone:scroll_of_knowledge":1,"minecraft:diorite":2,"minecraft:birch_planks":12,"minecraft:stone_pickaxe":216,"minecraft:oak_planks":730,"farmersdelight:golden_knife":14,"minecraft:ender_pearl":1,"minecraft:wooden_pickaxe":10,"minecraft:golden_apple":2,"minecraft:crafting_table":9,"minecraft:white_bed":4,"minecraft:diamond_pickaxe":217,"minecraft:apple":21,"minecraft:diamond_shovel":861,"minecraft:bread":103,"minecraft:iron_pickaxe":482,"tombstone:magic_scroll":1,"minecraft:gravel":24,"minecraft:stone_axe":2,"minecraft:cobblestone":81,"minecraft:andesite":5,"minecraft:pumpkin_pie":1,"minecraft:bone_meal":126,"minecraft:experience_bottle":4}},"DataVersion":3120}