{"stats":{"minecraft:broken":{"minecraft:iron_shovel":6,"minecraft:golden_boots":2,"minecraft:iron_leggings":1,"minecraft:diamond_shovel":1,"minecraft:iron_sword":1,"thehammermod:hammer_iron":15,"minecraft:iron_axe":1,"minecraft:iron_pickaxe":2,"thehammermod:hammer_diamond":1},"minecraft:used":{"minecraft:iron_shovel":1652,"minecraft:poppy":1,"minecraft:chest":12,"minecraft:iron_sword":725,"minecraft:stone":97,"minecraft:rotten_flesh":2,"create:cogwheel":51,"minecraft:obsidian":3,"minecraft:lantern":1,"minecraft:birch_sapling":1,"thehammermod:hammer_iron":9,"minecraft:quartz_block":40,"create:scoria":2,"minecraft:stone_bricks":1,"minecraft:item_frame":1,"minecraft:golden_sword":16,"minecraft:bow":276,"create:shaft":7,"minecraft:oak_sapling":45,"minecraft:furnace":4,"minecraft:egg":10,"minecraft:golden_boots":2,"minecraft:diorite":2,"minecraft:diamond_boots":1,"create:crushing_wheel":14,"minecraft:stone_pickaxe":216,"minecraft:oak_planks":790,"minecraft:ender_pearl":1,"minecraft:wooden_pickaxe":10,"minecraft:redstone_block":40,"minecraft:golden_apple":2,"minecraft:blast_furnace":1,"minecraft:crossbow":2,"minecraft:bread":169,"create:potato_cannon":1,"minecraft:gravel":35,"minecraft:smithing_table":4,"minecraft:andesite":5,"minecraft:bone_meal":126,"create:large_cogwheel":11,"minecraft:experience_bottle":21,"minecraft:oak_fence":2,"minecraft:enchanting_table":1,"minecraft:flint_and_steel":16,"minecraft:spruce_planks":2,"minecraft:stone_hoe":90,"minecraft:netherrack":77,"minecraft:oak_door":2,"minecraft:torch":3,"minecraft:brewing_stand":1,"minecraft:dirt":1594,"minecraft:anvil":1,"minecraft:granite":41,"minecraft:wooden_axe":55,"minecraft:chipped_anvil":1,"minecraft:light_weighted_pressure_plate":1,"minecraft:iron_axe":624,"minecraft:iron_boots":1,"minecraft:barrel":4,"minecraft:smooth_basalt":5,"minecraft:basalt":28,"tombstone:gift":3,"minecraft:cooked_beef":12,"minecraft:cobbled_deepslate":76,"minecraft:pointed_dripstone":1,"minecraft:iron_leggings":2,"create:wand_of_symmetry":7,"minecraft:wheat_seeds":69,"minecraft:water_bucket":2,"tombstone:scroll_of_knowledge":1,"minecraft:lodestone":1,"minecraft:birch_planks":12,"minecraft:baked_potato":6,"farmersdelight:golden_knife":18,"thehammermod:hammer_diamond":5,"travelersbackpack:coal":8,"minecraft:polished_blackstone_bricks":1,"minecraft:crafting_table":9,"minecraft:white_bed":4,"wandering_bags:whip_of_dominance":44,"wandering_bags:chalice_of_swine":3,"minecraft:diamond_pickaxe":2741,"minecraft:apple":23,"minecraft:diamond_shovel":3468,"create:mechanical_press":2,"minecraft:command_block":3,"minecraft:iron_pickaxe":482,"tombstone:magic_scroll":2,"create:large_water_wheel":14,"minecraft:stone_axe":2,"minecraft:chiseled_stone_bricks":1,"enchantinginfuser:enchanting_infuser":2,"minecraft:cobblestone":574,"minecraft:cooked_porkchop":6,"minecraft:chain_command_block":34,"minecraft:repeating_command_block":14,"minecraft:pumpkin_pie":1,"minecraft:yellow_bed":2,"create:hand_crank":8},"minecraft:killed":{"minecraft:cave_spider":4,"minecraft:witch":4,"minecraft:spider":24,"minecraft:skeleton":39,"minecraft:chicken":1,"minecraft:piglin_brute":5,"artifacts:mimic":1,"minecraft:magma_cube":10,"minecraft:piglin":18,"minecraft:creeper":30,"minecraft:sheep":3,"minecraft:zombie":103,"minecraft:ghast":3,"minecraft:cow":5,"minecraft:blaze":1,"minecraft:slime":3,"minecraft:phantom":2,"mowziesmobs:ferrous_wroughtnaut":1,"minecraft:drowned":4,"goblintraders:goblin_trader":1,"minecraft:hoglin":2,"minecraft:squid":2,"minecraft:wither_skeleton":7,"minecraft:enderman":3},"minecraft:crafted":{"minecraft:oak_planks":1268,"travelersbackpack:crafting_upgrade":1,"minecraft:diamond_shovel":8,"minecraft:quartz_block":39,"minecraft:glass":64,"minecraft:diamond_helmet":5,"minecraft:bow":11,"minecraft:diamond_leggings":4,"minecraft:iron_boots":17,"minecraft:chest":14,"minecraft:stone_hoe":13,"minecraft:golden_boots":1,"travelersbackpack:coal":1,"travelersbackpack:iron_tier_upgrade":1,"minecraft:arrow":320,"minecraft:emerald":655,"enchantinginfuser:enchanting_infuser":1,"minecraft:diamond_axe":3,"minecraft:crafting_table":9,"minecraft:spruce_planks":16,"travelersbackpack:standard":5,"minecraft:wooden_pickaxe":2,"minecraft:baked_potato":12,"minecraft:iron_helmet":1,"thehammermod:handle_iron":15,"minecraft:chainmail_chestplate":11,"minecraft:smithing_table":2,"thehammermod:hammer_diamond":1,"minecraft:gold_block":12,"minecraft:birch_planks":244,"minecraft:iron_chestplate":1,"minecraft:book":5,"minecraft:paper":21,"minecraft:diamond_pickaxe":11,"minecraft:shield":13,"minecraft:stick":1044,"minecraft:iron_ingot":134,"minecraft:iron_pickaxe":5,"minecraft:iron_block":20,"minecraft:gold_ingot":131,"minecraft:shears":1,"minecraft:oak_door":3,"minecraft:stone_shovel":2,"minecraft:tripwire_hook":120,"minecraft:experience_bottle":17,"minecraft:furnace":3,"minecraft:bone_meal":150,"travelersbackpack:blank_upgrade":4,"travelersbackpack:gold_tier_upgrade":1,"minecraft:flint_and_steel":1,"travelersbackpack:white_sleeping_bag":1,"minecraft:iron_axe":6,"minecraft:stone_pickaxe":2,"minecraft:diamond_boots":6,"thehammermod:handle_diamond":1,"travelersbackpack:diamond_tier_upgrade":1,"minecraft:wheat":369,"minecraft:cooked_beef":2,"minecraft:crossbow":4,"thehammermod:hammer_iron":15,"minecraft:enchanting_table":1,"travelersbackpack:backpack_tank":4,"minecraft:iron_sword":1,"minecraft:stone_axe":40,"minecraft:bread":293,"minecraft:air":0,"minecraft:chainmail_boots":12,"minecraft:wooden_axe":1,"minecraft:iron_shovel":6,"minecraft:iron_leggings":2,"minecraft:anvil":1,"minecraft:torch":20,"minecraft:diamond_chestplate":1},"minecraft:mined":{"create:deepslate_zinc_ore":30,"minecraft:white_bed":3,"minecraft:oak_sapling":6,"minecraft:brewing_stand":1,"minecraft:obsidian":4,"minecraft:granite":597,"minecraft:grass_block":1787,"minecraft:crimson_fungus":1,"minecraft:spawner":2,"minecraft:polished_blackstone_bricks":3,"minecraft:tall_seagrass":8,"travelersbackpack:coal":6,"minecraft:glowstone":2,"minecraft:iron_ore":52,"minecraft:cobbled_deepslate":1,"minecraft:fire":39,"minecraft:barrel":4,"minecraft:enchanting_table":1,"minecraft:pointed_dripstone":1,"minecraft:dirt_path":8,"minecraft:iron_block":3,"create:mechanical_press":1,"create:cogwheel":3,"minecraft:quartz_block":1,"minecraft:blast_furnace":1,"minecraft:poppy":3,"create:scoria":2,"minecraft:dead_bush":2,"minecraft:nether_quartz_ore":161,"minecraft:cobblestone":66,"minecraft:oak_planks":47,"minecraft:sugar_cane":25,"minecraft:seagrass":2,"minecraft:light_weighted_pressure_plate":1,"minecraft:birch_log":61,"minecraft:wheat":2,"minecraft:magenta_bed":1,"minecraft:grass":60,"minecraft:oak_log":359,"minecraft:sand":150,"minecraft:dirt":3251,"minecraft:smooth_basalt":5,"minecraft:netherrack":178,"minecraft:deepslate":156,"minecraft:oak_leaves":38,"minecraft:nether_gold_ore":18,"minecraft:tuff":3,"minecraft:deepslate_diamond_ore":42,"enchantinginfuser:enchanting_infuser":1,"farmersdelight:wild_carrots":10,"minecraft:glow_lichen":1,"create:large_cogwheel":2,"travelersbackpack:white_sleeping_bag":1,"minecraft:spruce_leaves":7,"minecraft:large_fern":1,"minecraft:hay_block":41,"minecraft:furnace":2,"minecraft:andesite":12,"minecraft:gold_block":17,"minecraft:deepslate_iron_ore":58,"minecraft:stone":6724,"minecraft:bone_block":12,"minecraft:smithing_table":2,"minecraft:basalt":5,"minecraft:dandelion":1,"minecraft:oak_fence":4,"minecraft:crafting_table":5,"minecraft:emerald_ore":2,"minecraft:rose_bush":1,"minecraft:copper_ore":14,"minecraft:tall_grass":3,"minecraft:deepslate_gold_ore":75,"minecraft:diorite":5,"minecraft:air":41,"minecraft:birch_leaves":2,"minecraft:yellow_bed":2,"minecraft:coal_ore":236,"minecraft:gravel":258,"minecraft:dripstone_block":8,"minecraft:cobweb":29,"minecraft:gold_ore":1,"minecraft:chipped_anvil":2},"minecraft:picked_up":{"minecraft:wheat":461,"minecraft:redstone_block":1,"minecraft:chainmail_boots":1,"minecraft:smithing_table":2,"artifacts:bunny_hoppers":3,"minecraft:brewing_stand":1,"minecraft:golden_sword":2,"minecraft:string":47,"minecraft:raw_copper":73,"minecraft:experience_bottle":4,"minecraft:beetroot":3,"create:mechanical_press":1,"minecraft:gold_nugget":75,"minecraft:cobbled_deepslate":119,"minecraft:light_weighted_pressure_plate":1,"minecraft:iron_boots":1,"minecraft:furnace":3,"minecraft:stick":154,"minecraft:oak_fence":2,"minecraft:torch":1,"minecraft:pointed_dripstone":2,"tombstone:grave_dust":16,"minecraft:diorite":9,"minecraft:golden_chestplate":2,"wandering_bags:piglin_bag":2,"create:large_cogwheel":2,"minecraft:quartz_block":1,"minecraft:stone_sword":2,"minecraft:rotten_flesh":113,"create:scoria":2,"minecraft:iron_block":3,"minecraft:obsidian":4,"minecraft:blaze_powder":2,"minecraft:cobblestone":4546,"minecraft:birch_log":61,"minecraft:enchanting_table":1,"minecraft:magma_block":1,"minecraft:leather_chestplate":1,"minecraft:cooked_beef":18,"minecraft:andesite":12,"minecraft:smoker":1,"minecraft:potato":27,"minecraft:flint":15,"create:raw_zinc":65,"minecraft:magenta_bed":1,"minecraft:dirt":3581,"minecraft:lantern":1,"minecraft:bone":29,"minecraft:chipped_anvil":2,"minecraft:bow":3,"minecraft:wheat_seeds":1194,"minecraft:raw_gold":83,"minecraft:glowstone_dust":4,"minecraft:stone_hoe":1,"minecraft:oak_planks":36,"minecraft:ghast_tear":2,"wandering_bags:chime_of_bewail":1,"minecraft:cooked_porkchop":9,"create:cogwheel":1,"minecraft:sand":119,"minecraft:ink_sac":2,"minecraft:grass_block":451,"minecraft:barrel":4,"minecraft:bundle":3,"minecraft:diamond":77,"enchantinginfuser:enchanting_infuser":1,"minecraft:granite":487,"minecraft:emerald":2,"minecraft:bread":21,"minecraft:oak_sapling":191,"minecraft:netherrack":174,"wandering_bags:whip_of_dominance":1,"minecraft:diamond_pickaxe":2,"minecraft:crafting_table":6,"minecraft:gold_block":17,"minecraft:shield":5,"minecraft:item_frame":1,"minecraft:iron_shovel":3,"artifacts:fire_gauntlet":1,"minecraft:beef":2,"minecraft:iron_nugget":2,"minecraft:poppy":29,"minecraft:sugar_cane":55,"farmersdelight:golden_knife":1,"minecraft:birch_sapling":40,"minecraft:phantom_membrane":1,"minecraft:egg":7,"minecraft:raw_iron":110,"minecraft:stone":1,"minecraft:oak_door":2,"minecraft:polished_blackstone_bricks":3,"create:hand_crank":3,"minecraft:carrot":69,"thehammermod:hammer_iron":2,"minecraft:arrow":35,"minecraft:repeating_command_block":1,"minecraft:stone_shovel":2,"minecraft:beetroot_seeds":7,"minecraft:hay_block":41,"minecraft:gold_ingot":3,"minecraft:bone_block":12,"minecraft:white_wool":3,"minecraft:basalt":5,"minecraft:glow_ink_sac":3,"minecraft:tripwire_hook":1,"minecraft:leather":15,"minecraft:birch_planks":52,"minecraft:crimson_fungus":1,"minecraft:oak_log":443,"minecraft:chainmail_chestplate":6,"minecraft:golden_boots":1,"minecraft:yellow_bed":2,"minecraft:gunpowder":22,"minecraft:apple":30,"minecraft:stone_bricks":1,"minecraft:iron_ingot":32,"travelersbackpack:coal":6,"tombstone:bag_of_seeds":4,"minecraft:glass_bottle":2,"minecraft:iron_sword":3,"minecraft:chain_command_block":1,"minecraft:smooth_basalt":5,"minecraft:chiseled_stone_bricks":1,"minecraft:quartz":159,"minecraft:dandelion":1,"minecraft:dripstone_block":6,"minecraft:gravel":100,"minecraft:amethyst_shard":4,"mowziesmobs:wrought_helmet":1,"minecraft:blast_furnace":1,"minecraft:white_bed":3,"minecraft:spider_eye":4,"minecraft:diamond_shovel":2,"minecraft:slime_ball":1,"minecraft:stone_axe":19,"wandering_bags:witch_bag":3,"minecraft:baked_potato":2,"tombstone:magic_scroll":3,"minecraft:coal":327,"minecraft:ender_pearl":3},"minecraft:killed_by":{"minecraft:piglin_brute":1,"minecraft:creeper":4,"minecraft:piglin":1,"minecraft:zombie":9,"minecraft:player":2,"minecraft:spider":2,"minecraft:enderman":1,"minecraft:iron_golem":4,"mowziesmobs:ferrous_wroughtnaut":4,"minecraft:hoglin":2,"minecraft:skeleton":1},"minecraft:dropped":{"minecraft:iron_sword":2,"minecraft:repeating_command_block":1,"minecraft:birch_planks":82,"minecraft:diamond_axe":1,"minecraft:oak_log":37,"minecraft:baked_potato":1,"minecraft:crafting_table":2,"minecraft:cooked_porkchop":3,"farmersdelight:rice":3,"minecraft:flint":8,"minecraft:light_weighted_pressure_plate":1,"minecraft:dirt":887,"tombstone:bag_of_seeds":2,"minecraft:bone_meal":6,"minecraft:polished_blackstone_bricks":2,"minecraft:sugar":7,"minecraft:bone":6,"minecraft:oak_door":3,"minecraft:gravel":19,"minecraft:stone_axe":53,"minecraft:iron_nugget":13,"minecraft:golden_chestplate":2,"minecraft:cobbled_deepslate":45,"minecraft:wheat":2,"minecraft:birch_sapling":34,"minecraft:pointed_dripstone":1,"minecraft:beetroot":3,"minecraft:rotten_flesh":52,"minecraft:oak_planks":5,"minecraft:fern":1,"minecraft:diamond_shovel":2,"minecraft:blaze_powder":2,"minecraft:chainmail_chestplate":16,"minecraft:poppy":2,"minecraft:leather_chestplate":1,"minecraft:gunpowder":12,"minecraft:beetroot_seeds":7,"minecraft:chainmail_boots":13,"minecraft:arrow":54,"minecraft:chain_command_block":1,"thehammermod:hammer_iron":2,"minecraft:netherrack":9,"minecraft:water_bucket":1,"minecraft:stone_hoe":14,"minecraft:iron_ingot":8,"minecraft:bread":62,"wandering_bags:chime_of_bewail":1,"minecraft:wheat_seeds":1037,"minecraft:golden_horse_armor":1,"minecraft:dripstone_block":6,"minecraft:diamond_leggings":1,"minecraft:cobblestone":645,"minecraft:amethyst_block":1,"minecraft:granite":1,"minecraft:grass_block":200,"minecraft:coal":77,"minecraft:stick":52,"minecraft:diamond_horse_armor":2,"farmersdelight:golden_knife":1,"minecraft:diorite":7,"tombstone:grave_key":1,"minecraft:wooden_axe":1,"minecraft:diamond_helmet":1,"tombstone:grave_dust":9,"minecraft:iron_axe":1,"minecraft:iron_shovel":3,"minecraft:string":10,"minecraft:tripwire_hook":1,"create:raw_zinc":1,"artifacts:bunny_hoppers":3,"minecraft:redstone_block":1,"minecraft:dandelion":1,"minecraft:furnace":1,"create:shaft":1,"minecraft:stone_sword":2,"minecraft:raw_copper":25,"farmersdelight:cabbage_seeds":1,"minecraft:stone_shovel":4,"minecraft:iron_boots":17,"minecraft:smoker":1,"minecraft:stone":1,"minecraft:shield":16,"wandering_bags:whip_of_dominance":1,"minecraft:bundle":1,"minecraft:diamond_pickaxe":4,"minecraft:iron_chestplate":1,"minecraft:andesite":7,"minecraft:oak_sapling":70,"create:hand_crank":1,"minecraft:spider_eye":5,"minecraft:diamond_boots":2,"minecraft:bow":1,"minecraft:stone_pickaxe":2,"minecraft:wooden_pickaxe":2,"minecraft:magma_block":1},"minecraft:custom":{"minecraft:interact_with_crafting_table":92,"minecraft:open_barrel":10,"goblintraders:trade_with_goblin":56,"minecraft:leave_game":30,"minecraft:time_since_death":3871,"minecraft:sprint_one_cm":998926,"minecraft:drop":431,"minecraft:talked_to_villager":439,"minecraft:play_time":1397993,"minecraft:deaths":35,"minecraft:jump":16271,"minecraft:walk_on_water_one_cm":74950,"minecraft:enchant_item":2,"minecraft:interact_with_furnace":66,"minecraft:traded_with_villager":838,"minecraft:interact_with_cartography_table":3,"minecraft:sleep_in_bed":21,"minecraft:damage_dealt":42223,"minecraft:player_kills":1,"minecraft:crouch_one_cm":146523,"tombstone:undead_killed":155,"minecraft:interact_with_smoker":4,"minecraft:horse_one_cm":165987,"minecraft:interact_with_smithing_table":14,"minecraft:interact_with_anvil":11,"minecraft:mob_kills":316,"minecraft:climb_one_cm":11315,"minecraft:walk_one_cm":2116940,"minecraft:strider_one_cm":62128,"minecraft:sneak_time":29721,"minecraft:walk_under_water_one_cm":48219,"minecraft:interact_with_blast_furnace":5,"minecraft:total_world_time":1415595,"tombstone:raider_killed":7,"minecraft:interact_with_grindstone":1,"minecraft:time_since_rest":1472,"minecraft:damage_taken":19699,"minecraft:damage_absorbed":40,"minecraft:swim_one_cm":71753,"minecraft:fly_one_cm":6414250,"minecraft:open_chest":360,"minecraft:fall_one_cm":1367670}},"DataVersion":3120}