{"stats":{"minecraft:broken":{"minecraft:iron_shovel":6,"minecraft:golden_boots":2,"minecraft:iron_leggings":1,"minecraft:iron_sword":1,"minecraft:iron_axe":1,"minecraft:iron_pickaxe":2},"minecraft:used":{"minecraft:iron_shovel":1652,"minecraft:poppy":1,"minecraft:chest":4,"minecraft:iron_sword":518,"minecraft:stone":97,"minecraft:rotten_flesh":2,"create:cogwheel":51,"minecraft:obsidian":3,"minecraft:lantern":1,"minecraft:birch_sapling":1,"minecraft:quartz_block":40,"create:scoria":2,"minecraft:stone_bricks":1,"minecraft:item_frame":1,"minecraft:golden_sword":16,"minecraft:bow":216,"create:shaft":7,"minecraft:oak_sapling":45,"minecraft:furnace":4,"minecraft:egg":8,"minecraft:golden_boots":2,"minecraft:diorite":2,"minecraft:diamond_boots":1,"create:crushing_wheel":14,"minecraft:stone_pickaxe":216,"minecraft:oak_planks":760,"minecraft:ender_pearl":1,"minecraft:wooden_pickaxe":10,"minecraft:redstone_block":40,"minecraft:golden_apple":2,"minecraft:crossbow":2,"minecraft:bread":130,"create:potato_cannon":1,"minecraft:gravel":25,"minecraft:smithing_table":3,"minecraft:andesite":5,"minecraft:bone_meal":126,"create:large_cogwheel":11,"minecraft:experience_bottle":4,"minecraft:oak_fence":2,"minecraft:enchanting_table":1,"minecraft:flint_and_steel":10,"minecraft:spruce_planks":2,"minecraft:stone_hoe":90,"minecraft:netherrack":59,"minecraft:oak_door":2,"minecraft:torch":3,"minecraft:dirt":1526,"minecraft:anvil":1,"minecraft:granite":12,"minecraft:wooden_axe":55,"minecraft:chipped_anvil":1,"minecraft:light_weighted_pressure_plate":1,"minecraft:iron_axe":517,"minecraft:iron_boots":1,"minecraft:smooth_basalt":5,"minecraft:basalt":28,"tombstone:gift":3,"minecraft:cooked_beef":12,"minecraft:cobbled_deepslate":76,"minecraft:pointed_dripstone":1,"minecraft:iron_leggings":2,"create:wand_of_symmetry":7,"minecraft:wheat_seeds":69,"minecraft:water_bucket":2,"tombstone:scroll_of_knowledge":1,"minecraft:lodestone":1,"minecraft:birch_planks":12,"minecraft:baked_potato":6,"farmersdelight:golden_knife":18,"travelersbackpack:coal":6,"minecraft:polished_blackstone_bricks":1,"minecraft:crafting_table":9,"minecraft:white_bed":4,"wandering_bags:whip_of_dominance":32,"wandering_bags:chalice_of_swine":3,"minecraft:diamond_pickaxe":1776,"minecraft:apple":21,"minecraft:diamond_shovel":1520,"create:mechanical_press":2,"minecraft:command_block":3,"minecraft:iron_pickaxe":482,"tombstone:magic_scroll":2,"create:large_water_wheel":14,"minecraft:stone_axe":2,"minecraft:cobblestone":199,"minecraft:cooked_porkchop":1,"minecraft:chain_command_block":34,"minecraft:repeating_command_block":14,"minecraft:pumpkin_pie":1,"minecraft:yellow_bed":2,"create:hand_crank":8},"minecraft:killed":{"minecraft:cave_spider":4,"minecraft:witch":4,"minecraft:spider":16,"minecraft:skeleton":27,"minecraft:chicken":1,"minecraft:piglin_brute":5,"artifacts:mimic":1,"minecraft:magma_cube":10,"minecraft:piglin":18,"minecraft:creeper":15,"minecraft:sheep":2,"minecraft:zombie":61,"minecraft:ghast":3,"minecraft:cow":5,"minecraft:blaze":1,"minecraft:slime":3,"minecraft:phantom":2,"mowziesmobs:ferrous_wroughtnaut":1,"minecraft:drowned":4,"goblintraders:goblin_trader":1,"minecraft:hoglin":2,"minecraft:squid":2,"minecraft:wither_skeleton":7,"minecraft:enderman":2},"minecraft:crafted":{"minecraft:oak_planks":1220,"travelersbackpack:crafting_upgrade":1,"minecraft:diamond_shovel":8,"minecraft:quartz_block":39,"minecraft:glass":64,"minecraft:diamond_helmet":5,"minecraft:bow":11,"minecraft:diamond_leggings":4,"minecraft:iron_boots":17,"minecraft:chest":6,"minecraft:stone_hoe":13,"minecraft:golden_boots":1,"travelersbackpack:coal":1,"travelersbackpack:iron_tier_upgrade":1,"minecraft:arrow":320,"minecraft:emerald":463,"minecraft:diamond_axe":3,"minecraft:crafting_table":9,"minecraft:spruce_planks":16,"travelersbackpack:standard":5,"minecraft:wooden_pickaxe":2,"minecraft:baked_potato":12,"minecraft:iron_helmet":1,"minecraft:chainmail_chestplate":11,"minecraft:smithing_table":2,"minecraft:gold_block":12,"minecraft:birch_planks":244,"minecraft:iron_chestplate":1,"minecraft:book":1,"minecraft:paper":3,"minecraft:diamond_pickaxe":9,"minecraft:shield":13,"minecraft:stick":1008,"minecraft:iron_ingot":134,"minecraft:iron_pickaxe":5,"minecraft:iron_block":20,"minecraft:gold_ingot":116,"minecraft:shears":1,"minecraft:oak_door":3,"minecraft:stone_shovel":2,"minecraft:tripwire_hook":120,"minecraft:furnace":3,"minecraft:bone_meal":132,"travelersbackpack:blank_upgrade":4,"travelersbackpack:gold_tier_upgrade":1,"minecraft:flint_and_steel":1,"travelersbackpack:white_sleeping_bag":1,"minecraft:iron_axe":6,"minecraft:stone_pickaxe":2,"minecraft:diamond_boots":6,"travelersbackpack:diamond_tier_upgrade":1,"minecraft:wheat":369,"minecraft:cooked_beef":2,"minecraft:crossbow":4,"minecraft:enchanting_table":1,"travelersbackpack:backpack_tank":4,"minecraft:iron_sword":1,"minecraft:stone_axe":40,"minecraft:bread":268,"minecraft:air":0,"minecraft:chainmail_boots":12,"minecraft:wooden_axe":1,"minecraft:iron_shovel":6,"minecraft:iron_leggings":2,"minecraft:anvil":1,"minecraft:torch":20,"minecraft:diamond_chestplate":1},"minecraft:mined":{"minecraft:white_bed":3,"minecraft:oak_sapling":6,"minecraft:obsidian":4,"minecraft:granite":84,"minecraft:grass_block":1343,"minecraft:crimson_fungus":1,"minecraft:spawner":2,"minecraft:polished_blackstone_bricks":3,"minecraft:tall_seagrass":8,"travelersbackpack:coal":6,"minecraft:glowstone":2,"minecraft:iron_ore":52,"minecraft:cobbled_deepslate":1,"minecraft:fire":38,"minecraft:pointed_dripstone":1,"minecraft:dirt_path":8,"minecraft:iron_block":3,"create:mechanical_press":1,"create:cogwheel":3,"minecraft:quartz_block":1,"minecraft:poppy":3,"create:scoria":2,"minecraft:dead_bush":2,"minecraft:nether_quartz_ore":161,"minecraft:cobblestone":22,"minecraft:sugar_cane":19,"minecraft:oak_planks":45,"minecraft:seagrass":2,"minecraft:light_weighted_pressure_plate":1,"minecraft:birch_log":61,"minecraft:wheat":2,"minecraft:magenta_bed":1,"minecraft:grass":57,"minecraft:oak_log":284,"minecraft:sand":150,"minecraft:dirt":1763,"minecraft:smooth_basalt":5,"minecraft:netherrack":178,"minecraft:oak_leaves":28,"minecraft:deepslate":138,"minecraft:nether_gold_ore":18,"minecraft:tuff":3,"minecraft:deepslate_diamond_ore":38,"farmersdelight:wild_carrots":10,"create:large_cogwheel":2,"minecraft:spruce_leaves":7,"minecraft:large_fern":1,"minecraft:hay_block":41,"minecraft:furnace":2,"minecraft:andesite":12,"minecraft:gold_block":17,"minecraft:deepslate_iron_ore":58,"minecraft:stone":1381,"minecraft:bone_block":12,"minecraft:smithing_table":1,"minecraft:basalt":5,"minecraft:dandelion":1,"minecraft:oak_fence":4,"minecraft:crafting_table":5,"minecraft:emerald_ore":2,"minecraft:tall_grass":3,"minecraft:copper_ore":3,"minecraft:deepslate_gold_ore":72,"minecraft:diorite":5,"minecraft:air":40,"minecraft:birch_leaves":2,"minecraft:yellow_bed":2,"minecraft:coal_ore":149,"minecraft:gravel":21,"minecraft:dripstone_block":3,"minecraft:cobweb":29,"minecraft:chipped_anvil":2,"minecraft:gold_ore":1},"minecraft:picked_up":{"minecraft:wheat":398,"minecraft:redstone_block":1,"minecraft:chainmail_boots":1,"minecraft:smithing_table":1,"artifacts:bunny_hoppers":1,"minecraft:golden_sword":2,"minecraft:string":47,"minecraft:raw_copper":25,"minecraft:experience_bottle":4,"minecraft:beetroot":3,"create:mechanical_press":1,"minecraft:gold_nugget":75,"minecraft:cobbled_deepslate":103,"minecraft:light_weighted_pressure_plate":1,"minecraft:furnace":3,"minecraft:iron_boots":1,"minecraft:stick":141,"minecraft:oak_fence":2,"minecraft:torch":1,"minecraft:pointed_dripstone":2,"tombstone:grave_dust":8,"minecraft:diorite":9,"minecraft:golden_chestplate":2,"wandering_bags:piglin_bag":2,"create:large_cogwheel":2,"minecraft:quartz_block":1,"minecraft:stone_sword":2,"minecraft:rotten_flesh":60,"create:scoria":2,"minecraft:iron_block":3,"minecraft:obsidian":4,"minecraft:blaze_powder":2,"minecraft:cobblestone":750,"minecraft:birch_log":61,"minecraft:cooked_beef":18,"minecraft:andesite":12,"minecraft:smoker":1,"minecraft:potato":27,"minecraft:flint":1,"minecraft:magenta_bed":1,"minecraft:dirt":2683,"minecraft:lantern":1,"minecraft:bone":21,"minecraft:chipped_anvil":2,"minecraft:bow":1,"minecraft:wheat_seeds":1185,"minecraft:raw_gold":73,"minecraft:glowstone_dust":4,"minecraft:stone_hoe":1,"minecraft:oak_planks":34,"wandering_bags:chime_of_bewail":1,"minecraft:ghast_tear":2,"minecraft:cooked_porkchop":6,"create:cogwheel":1,"minecraft:sand":119,"minecraft:ink_sac":2,"minecraft:grass_block":201,"minecraft:bundle":1,"minecraft:diamond":40,"minecraft:granite":70,"minecraft:emerald":1,"minecraft:bread":10,"wandering_bags:whip_of_dominance":1,"minecraft:oak_sapling":161,"minecraft:netherrack":153,"minecraft:diamond_pickaxe":2,"minecraft:crafting_table":6,"minecraft:gold_block":17,"minecraft:shield":5,"minecraft:item_frame":1,"minecraft:iron_shovel":3,"artifacts:fire_gauntlet":1,"minecraft:beef":2,"minecraft:iron_nugget":2,"minecraft:poppy":25,"minecraft:sugar_cane":43,"farmersdelight:golden_knife":1,"minecraft:birch_sapling":40,"minecraft:phantom_membrane":1,"minecraft:egg":5,"minecraft:raw_iron":110,"minecraft:stone":1,"minecraft:oak_door":2,"minecraft:polished_blackstone_bricks":3,"create:hand_crank":3,"minecraft:carrot":69,"thehammermod:hammer_iron":2,"minecraft:arrow":24,"minecraft:repeating_command_block":1,"minecraft:stone_shovel":2,"minecraft:beetroot_seeds":7,"minecraft:hay_block":41,"minecraft:gold_ingot":3,"minecraft:bone_block":12,"minecraft:white_wool":3,"minecraft:basalt":5,"minecraft:tripwire_hook":1,"minecraft:leather":15,"minecraft:birch_planks":52,"minecraft:crimson_fungus":1,"minecraft:oak_log":366,"minecraft:chainmail_chestplate":6,"minecraft:golden_boots":1,"minecraft:yellow_bed":2,"minecraft:gunpowder":9,"minecraft:apple":24,"minecraft:stone_bricks":1,"minecraft:iron_ingot":32,"travelersbackpack:coal":6,"minecraft:glass_bottle":2,"minecraft:iron_sword":3,"minecraft:chain_command_block":1,"minecraft:smooth_basalt":5,"minecraft:quartz":159,"minecraft:dandelion":1,"minecraft:gravel":20,"minecraft:amethyst_shard":4,"mowziesmobs:wrought_helmet":1,"minecraft:white_bed":3,"minecraft:spider_eye":4,"minecraft:diamond_shovel":2,"minecraft:slime_ball":1,"minecraft:stone_axe":19,"wandering_bags:witch_bag":3,"tombstone:magic_scroll":3,"minecraft:baked_potato":1,"minecraft:coal":244,"minecraft:ender_pearl":1},"minecraft:killed_by":{"minecraft:piglin_brute":1,"minecraft:creeper":2,"minecraft:piglin":1,"minecraft:zombie":6,"minecraft:player":2,"minecraft:spider":2,"minecraft:enderman":1,"minecraft:iron_golem":3,"mowziesmobs:ferrous_wroughtnaut":4,"minecraft:hoglin":2,"minecraft:skeleton":1},"minecraft:dropped":{"minecraft:iron_sword":2,"minecraft:repeating_command_block":1,"minecraft:birch_planks":82,"minecraft:diamond_axe":1,"minecraft:oak_log":37,"minecraft:crafting_table":2,"farmersdelight:rice":3,"minecraft:flint":8,"minecraft:light_weighted_pressure_plate":1,"minecraft:dirt":851,"minecraft:bone_meal":6,"minecraft:polished_blackstone_bricks":2,"minecraft:bone":6,"minecraft:oak_door":3,"minecraft:gravel":1,"minecraft:stone_axe":53,"minecraft:iron_nugget":13,"minecraft:golden_chestplate":2,"minecraft:cobbled_deepslate":27,"minecraft:wheat":1,"minecraft:birch_sapling":34,"minecraft:pointed_dripstone":1,"minecraft:beetroot":3,"minecraft:rotten_flesh":34,"minecraft:oak_planks":4,"minecraft:fern":1,"minecraft:diamond_shovel":2,"minecraft:blaze_powder":2,"minecraft:chainmail_chestplate":16,"minecraft:poppy":2,"minecraft:gunpowder":7,"minecraft:beetroot_seeds":7,"minecraft:chainmail_boots":13,"minecraft:arrow":54,"minecraft:chain_command_block":1,"thehammermod:hammer_iron":2,"minecraft:netherrack":6,"minecraft:water_bucket":1,"minecraft:stone_hoe":14,"minecraft:iron_ingot":8,"minecraft:bread":51,"wandering_bags:chime_of_bewail":1,"minecraft:wheat_seeds":1033,"minecraft:golden_horse_armor":1,"minecraft:diamond_leggings":1,"minecraft:cobblestone":96,"minecraft:amethyst_block":1,"minecraft:granite":1,"minecraft:grass_block":200,"minecraft:coal":71,"minecraft:stick":52,"minecraft:diamond_horse_armor":2,"farmersdelight:golden_knife":1,"minecraft:diorite":7,"tombstone:grave_key":1,"minecraft:wooden_axe":1,"minecraft:diamond_helmet":1,"tombstone:grave_dust":5,"minecraft:iron_axe":1,"minecraft:iron_shovel":3,"minecraft:string":10,"minecraft:tripwire_hook":1,"artifacts:bunny_hoppers":1,"minecraft:redstone_block":1,"minecraft:dandelion":1,"minecraft:furnace":1,"create:shaft":1,"minecraft:stone_sword":2,"minecraft:raw_copper":25,"farmersdelight:cabbage_seeds":1,"minecraft:stone_shovel":4,"minecraft:iron_boots":17,"minecraft:smoker":1,"minecraft:stone":1,"minecraft:shield":16,"wandering_bags:whip_of_dominance":1,"minecraft:diamond_pickaxe":4,"minecraft:iron_chestplate":1,"minecraft:andesite":7,"minecraft:oak_sapling":70,"create:hand_crank":1,"minecraft:spider_eye":4,"minecraft:diamond_boots":2,"minecraft:bow":1,"minecraft:stone_pickaxe":2,"minecraft:wooden_pickaxe":2},"minecraft:custom":{"minecraft:interact_with_crafting_table":90,"minecraft:open_barrel":3,"goblintraders:trade_with_goblin":34,"minecraft:leave_game":27,"minecraft:time_since_death":11322,"minecraft:sprint_one_cm":770785,"minecraft:drop":379,"minecraft:talked_to_villager":331,"minecraft:play_time":1179749,"minecraft:deaths":29,"minecraft:jump":13372,"minecraft:walk_on_water_one_cm":61143,"minecraft:interact_with_furnace":65,"minecraft:traded_with_villager":644,"minecraft:interact_with_cartography_table":3,"minecraft:sleep_in_bed":16,"minecraft:damage_dealt":30704,"minecraft:player_kills":1,"minecraft:crouch_one_cm":129187,"tombstone:undead_killed":101,"minecraft:interact_with_smoker":3,"minecraft:horse_one_cm":165987,"minecraft:interact_with_smithing_table":12,"minecraft:interact_with_anvil":9,"minecraft:mob_kills":224,"minecraft:climb_one_cm":11315,"minecraft:walk_one_cm":1567337,"minecraft:strider_one_cm":62128,"minecraft:sneak_time":25786,"minecraft:walk_under_water_one_cm":43079,"minecraft:interact_with_blast_furnace":2,"minecraft:total_world_time":1197351,"tombstone:raider_killed":7,"minecraft:interact_with_grindstone":1,"minecraft:time_since_rest":10627,"minecraft:damage_taken":16101,"minecraft:damage_absorbed":40,"minecraft:swim_one_cm":64495,"minecraft:fly_one_cm":5260918,"minecraft:open_chest":299,"minecraft:fall_one_cm":1145551}},"DataVersion":3120}